NAMELSAD,ALAND,AWATER,INTPTLAT,INTPTLON,GEOID_Data,ESTIMATESBASE2020,FIPS,density
Cuming County,1477645345,10690204,41.9158651,-96.7885168,05000US31039,8882,31039,6.010914614968045e-06
Wahkiakum County,680976231,61568965,46.2946377,-123.4244583,05000US53069,4318,53069,6.340896794090894e-06
De Baca County,6016818946,29090018,34.3592729,-104.3686961,05000US35011,1995,35011,3.3157055545543416e-07
Lancaster County,2169272970,22847034,40.7835474,-96.6886584,05000US31109,315976,31109,0.0001456598613313289
Nuckolls County,1489645188,1718484,40.1764918,-98.0468422,05000US31129,4204,31129,2.822148545080253e-06
Las Piedras Municipio,87748418,32509,18.1871483,-65.871189,05000US72085,37233,72085,0.0004243153420726058
Minnehaha County,2089701439,18188795,43.6674723,-96.7957261,05000US46099,191682,46099,9.172697899453378e-05
Menard County,2336237980,613559,30.8852677,-99.8588613,05000US48327,2108,48327,9.023053379176722e-07
Sierra County,2468694582,23299110,39.5769252,-120.5219926,05000US06091,2898,06091,1.1738997691857859e-06
Clinton County,510875757,21152699,36.7272577,-85.1360977,05000US21053,10175,21053,1.9916779883528512e-05
Hancock County,1376124980,6021322,41.000217,-83.6659471,05000US39063,75765,39063,5.5056772532390194e-05
Hale County,2602109423,246678,34.0684364,-101.8228879,05000US48189,33463,48189,1.285995112435362e-05
Clay County,1564255426,5281616,33.2703999,-85.8635254,05000US01027,13285,01027,8.492858505833305e-06
Armstrong County,2354617585,12183672,34.964179,-101.3566363,05000US48011,1950,48011,8.281599578727345e-07
Allen County,1042587389,11152061,40.7716274,-84.1061032,05000US39003,102808,39003,9.860852057553518e-05
McDuffie County,666590014,23114032,33.4806126,-82.4795333,05000US13189,21404,13189,3.21096919402696e-05
Sauk County,2153686013,45692969,43.428001,-89.9433184,05000US55111,64152,55111,2.9787071844627335e-05
Stone County,1570673294,8145444,35.8570011,-92.1404819,05000US05137,12582,05137,8.010577405284385e-06
Wallowa County,8147835333,14191752,45.593753,-117.1855796,05000US41063,7065,41063,8.671014706673872e-07
Beaver County,1125854819,24162295,40.6841401,-80.3507209,05000US42007,164781,42007,0.00014636078934792036
Jasper County,1751636189,3130850,32.0167482,-89.1191761,05000US28061,16454,28061,9.39350311630265e-06
Henry County,1805054746,91657543,38.3864909,-93.7926278,05000US29083,21854,29083,1.2107112013321728e-05
Saguache County,8206547699,4454510,38.0316514,-106.2346662,05000US08109,6730,08109,8.200768760315713e-07
Chatham County,1765540358,70582736,35.7049939,-79.2514542,05000US37037,72853,37037,4.1263854247165275e-05
Rich County,2664700959,149106532,41.6275976,-111.2402269,05000US49033,2415,49033,9.062930652099487e-07
Adair County,1486337779,8872711,35.8980428,-94.6510258,05000US40001,22171,40001,1.491652860692038e-05
Lake County,593807529,1942301385,41.7781416,-81.1973297,05000US39085,229755,39085,0.0003869183005929856
Salem city,37593968,275156,37.2853329,-80.0552407,05000US51775,25290,51775,0.0006727143035286938
Montgomery County,1001929082,6282286,37.1755376,-80.3877942,05000US51121,98495,51121,9.830536089778857e-05
Hamilton County,1404197532,86784458,35.163472,-85.2018432,05000US47065,364718,47065,0.0002597341126789561
Otero County,17126455954,36944199,32.6155988,-105.7513079,05000US35035,66804,35035,3.900631875002573e-06
Catron County,17933561654,14193499,33.9016208,-108.3919284,05000US35003,3547,35003,1.9778558595519466e-07
Marengo County,2530155136,14951685,32.2475911,-87.791091,05000US01091,19138,01091,7.563963066018099e-06
Lincoln County,10555073813,49947312,42.2299932,-110.6829614,05000US56023,19640,56023,1.860716499756798e-06
Barton County,1533351028,12152201,37.5007989,-94.3440893,05000US29011,11732,29011,7.651216052792837e-06
Calhoun County,1312960774,1361631001,28.4417191,-96.5795739,05000US48057,21470,48057,1.6352354483973335e-05
Poquoson city,39773690,163429842,37.1283599,-76.3035337,05000US51735,12121,51735,0.00030474919475663437
Pocahontas County,2435206742,4094092,38.332606,-80.0101207,05000US54075,8382,54075,3.442007553377577e-06
Clay County,2819871858,72506860,33.7859042,-98.2129174,05000US48077,10444,48077,3.703714397649058e-06
James City County,368550683,95239463,37.3248367,-76.7778878,05000US51095,76032,51095,0.00020629998398347834
Keith County,2749903240,124629167,41.1942448,-101.6444493,05000US31101,8048,31101,2.9266484300007587e-06
Phelps County,1398048636,1646526,40.5163647,-99.4065568,05000US31137,9050,31137,6.473308415001379e-06
Calcasieu Parish,2755963714,77908794,30.2295588,-93.3580154,05000US22019,202858,22019,7.3606919775287e-05
Union Parish,2271159651,73649840,32.8293486,-92.3756501,05000US22111,22270,22111,9.805563422278322e-06
Sequoyah County,1744515638,105111277,35.5024345,-94.7507569,05000US40135,41687,40135,2.3896031134345152e-05
DeKalb County,2012620262,4107136,34.4609148,-85.8040207,05000US01049,71430,01049,3.54910468450804e-05
Steuben County,3601398422,35039875,42.2667252,-77.3855253,05000US36101,95843,36101,2.6612717830529442e-05
Forest County,1106595595,8369675,41.513304,-79.249705,05000US42053,7190,42053,6.497405224173154e-06
Tangipahoa Parish,2049124442,136690438,30.6213483,-90.4064899,05000US22105,133753,22105,6.527324415175758e-05
Stafford County,697237751,28087427,38.4230836,-77.4580475,05000US51179,150185,51179,0.00021539998341254475
Menominee County,2704053652,761798359,45.5355685,-87.5014573,05000US26109,22902,26109,8.469506506670452e-06
Jasper County,1449563752,4428654,41.0176883,-87.1188137,05000US18073,33433,18073,2.306418048455726e-05
Brantley County,1147972258,10291563,31.1973339,-81.9829779,05000US13025,18924,13025,1.6484718919052483e-05
Lamar County,475264404,6044329,33.0744405,-84.1466893,05000US13171,18834,13171,3.962846752562601e-05
Steuben County,799729203,35454787,41.643467,-85.0024051,05000US18151,34591,18151,4.325339111069075e-05
Orange County,864501044,118476459,30.1223229,-93.8940999,05000US48361,83776,48361,9.690676556314257e-05
Fayette County,1052469885,1694038,39.5552462,-83.4618927,05000US39047,28609,39047,2.718272551807979e-05
Hampshire County,1365527344,46642098,42.3394593,-72.6636936,05000US25015,161361,25015,0.00011816753484212909
Allen County,891838778,19482100,36.7507703,-86.192458,05000US21003,21065,21003,2.3619739934654423e-05
Alamance County,1096735775,27940817,36.0439535,-79.4005733,05000US37001,166144,37001,0.00015148954177226506
Greenwood County,2961143636,24145021,37.8793472,-96.2417321,05000US20073,6010,20073,2.029621233814407e-06
Suffolk County,150876727,160498380,42.3385513,-71.018253,05000US25025,801162,25025,0.0053100436093102684
Jefferson County,2832619466,31166194,43.7969649,-112.3185879,05000US16051,29238,16051,1.0321894751816975e-05
Gonzales County,2762704862,8204086,29.4619121,-97.4919205,05000US48177,20828,48177,7.538988433575211e-06
Marion County,1290472798,36484703,35.1334215,-85.618399,05000US47115,28639,47115,2.219264136709064e-05
Alpena County,1481205162,2908633230,44.894954,-83.4265739,05000US26007,28431,26007,1.9194505075590604e-05
Wayne County,1186690752,67283816,36.8007715,-84.8265896,05000US21231,20447,21231,1.7230268261161944e-05
White County,975592109,7113368,35.9270486,-85.4557854,05000US47185,27087,47185,2.7764677215116752e-05
Fannin County,2307251052,20847065,33.5911611,-96.1049882,05000US48147,35046,48147,1.5189504397287409e-05
Doniphan County,1019105691,12424174,39.7885021,-95.1472253,05000US20043,7616,20043,7.473218987254189e-06
Kerr County,2857617603,10231764,30.059953,-99.3533388,05000US48265,52195,48265,1.826521503269169e-05
Hernando County,1224975810,627928028,28.5559951,-82.5259685,05000US12053,190700,12053,0.00015567654352292883
Wakulla County,1570615734,804111188,30.0913354,-84.3591114,05000US12129,32855,12129,2.091854760446453e-05
Walton County,2689165614,961289588,30.5712465,-86.162798,05000US12131,71049,12131,2.6420462774815177e-05
Chickasaw County,1299608408,6380767,33.9332767,-88.9475579,05000US28017,17060,28017,1.3127031107973565e-05
Ketchikan Gateway Borough,12579382524,4651611659,55.4499378,-131.1066847,05000US02130,13833,02130,1.0996565191978417e-06
Clare County,1461703751,28496979,43.9911368,-84.8383253,05000US26035,30655,26035,2.097210189070658e-05
Republic County,1857998463,7951912,39.8289061,-97.650883,05000US20157,4607,20157,2.4795499521357786e-06
Volusia County,2852384800,857611281,29.057769,-81.161792,05000US12127,546107,12127,0.00019145628598217184
Canadian County,2322112746,23146755,35.5433544,-97.9798891,05000US40017,144610,40017,6.227518463481187e-05
Quebradillas Municipio,58747704,30224116,18.466357,-66.9276025,05000US72115,23261,72115,0.00039594738885454997
Floyd County,1320404595,22414013,34.2636918,-85.2136851,05000US13115,97805,13115,7.407199306209625e-05
Churchill County,12820847811,190742991,39.5377097,-118.2641661,05000US32001,24606,32001,1.91921785226158e-06
Webster County,1489017942,337241,40.1806461,-98.4985897,05000US31181,3497,31181,2.348527778854662e-06
Hancock County,2055798688,53563362,40.401318,-91.1688008,05000US17067,17820,17067,8.66816391313895e-06
Hutchinson County,2105694670,3644220,43.3367101,-97.7493828,05000US46067,7308,46067,3.470588639520088e-06
Crook County,7715390857,21004473,44.1630537,-120.3715849,05000US41013,23733,41013,3.076059326076473e-06
Franklin County,1633443915,150143028,44.8589643,-72.9094023,05000US50011,49275,50011,3.0166324994390763e-05
Marquette County,4685420988,4185337774,46.6565964,-87.5840278,05000US26103,66403,26103,1.417225904994815e-05
Middlesex County,956493753,180679141,41.4330028,-72.5227802,05000US09007,162742,09007,0.00017014434175818396
Davidson County,1432724907,37608507,35.7951312,-80.207107,05000US37057,166837,37057,0.00011644733694854374
Clay County,1213022841,3064720,38.7468187,-88.4823254,05000US17025,13217,17025,1.0895920137088334e-05
Knox County,1305376625,7307094,40.1368559,-92.1468345,05000US29103,3948,29103,3.0244145056603873e-06
Livingston County,1378657549,16187907,39.778587,-93.5482013,05000US29117,14969,29117,1.085766368222309e-05
Tioga County,2936540901,8279675,41.7668593,-77.2572881,05000US42117,40759,42117,1.387993607925572e-05
Dakota County,684472104,8143818,42.3916244,-96.561327,05000US31043,20124,31043,2.9400759917602135e-05
Leelanau County,899241892,5659105321,45.1461816,-86.051574,05000US26089,21649,26089,2.4074723600621577e-05
Surry County,722475752,81216905,37.1197611,-76.8801717,05000US51181,6459,51181,8.94009242818159e-06
Refugio County,1995545557,123688759,28.3221157,-97.1624723,05000US48391,7015,48391,3.5153294172576987e-06
Butler County,1208290720,9175913,39.4397469,-84.5657341,05000US39017,382129,39017,0.0003162558427991568
Terrell County,869695791,4951325,31.7771909,-84.4394464,05000US13273,8654,13273,9.950605820512704e-06
Clayton County,366879097,6962586,33.5426863,-84.3555727,05000US13063,287560,13063,0.0007838004463906539
Fremont County,23785388836,212768588,43.054831,-108.6089349,05000US56013,39711,56013,1.6695543753270933e-06
Ohio County,223126824,3369528,38.940527,-84.9642994,05000US18115,5890,18115,2.6397543309270605e-05
Columbia County,751591130,45353300,33.5520746,-82.2496077,05000US13073,154257,13073,0.0002052405807396902
Sedgwick County,1419419015,3530746,40.8715679,-102.3553579,05000US08115,2306,08115,1.6246083613301461e-06
Musselshell County,4840577746,7118682,46.5052807,-108.4397631,05000US30065,4682,30065,9.672399134316064e-07
Dauphin County,1359407363,86209037,40.4125646,-76.7926343,05000US42043,277071,42043,0.0002038174924906597
Moody County,1345185721,3690537,44.0124293,-96.6760536,05000US46101,6508,46101,4.837993667641674e-06
Putnam County,895303696,12225557,38.5105179,-81.906109,05000US54079,56604,54079,6.32232395028558e-05
Sussex County,1343325260,43712954,41.1374609,-74.6919141,05000US34037,140996,34037,0.00010496043229321839
Decatur County,2314199333,1631670,39.783542,-100.4597084,05000US20039,2826,20039,1.221156691086126e-06
Perry County,988702370,11837413,38.0814361,-86.6265397,05000US18123,19091,18123,1.930914760525961e-05
Union County,1076417818,3369003,34.4895325,-89.0023393,05000US28145,28578,28145,2.654917033341044e-05
Boyd County,1398424238,11893556,42.8944477,-98.7730221,05000US31015,1882,31015,1.3458004723170422e-06
Mille Lacs County,1482264579,282932408,45.9290434,-93.6329964,05000US27095,25963,27095,1.7515766326626902e-05
Walsh County,3319346397,32181391,48.3769789,-97.7222304,05000US38099,10642,38099,3.2060528571583122e-06
Morgan County,1078538282,13868572,39.6249458,-81.8616967,05000US39115,14557,39115,1.3496971079233329e-05
Portage County,1262372713,43125087,41.1689703,-81.1969618,05000US39133,162476,39133,0.0001287068377879299
Uinta County,5391631765,16625817,41.2847255,-110.5589468,05000US56041,20374,56041,3.778818897139575e-06
Humboldt County,24969535443,44194837,41.4079136,-118.1275915,05000US32013,16834,32013,6.741815456850749e-07
Jim Hogg County,2942674729,92565,27.0532315,-98.7475716,05000US48247,5187,48247,1.7626820758958576e-06
Cheyenne County,4605713960,8166129,38.8356456,-102.6017914,05000US08017,1999,08017,4.3402608528472315e-07
Clackamas County,4845019827,31883427,45.1604934,-122.1951274,05000US41005,415084,41005,8.567230162544389e-05
Polk County,2219200782,12520929,34.4909149,-94.2308841,05000US05113,19999,05113,9.01180288066427e-06
Macon County,1037709945,13841916,32.3626859,-84.0512306,05000US13193,13107,13193,1.2630697106791243e-05
Benton County,1052616458,236033,40.6009394,-87.3147863,05000US18007,8695,18007,8.260368659369756e-06
Morgan County,1352439677,823018,36.138697,-84.6392616,05000US47129,21538,47129,1.5925294389303842e-05
Douglas County,1118358780,4832944,43.3915064,-98.3584331,05000US46043,2913,46043,2.604709733668832e-06
Worcester County,1213156434,586531120,38.2221332,-75.3099315,05000US24047,51967,24047,4.283619040675178e-05
Wabash County,578403995,10973569,38.4458209,-87.8391674,05000US17185,11390,17185,1.969211848199631e-05
Huntington County,991056717,13133683,40.8263938,-85.4785975,05000US18069,36351,18069,3.667903095398727e-05
Scott County,729775497,9439750,38.2857099,-84.5783405,05000US21209,55961,21209,7.668248691556164e-05
Decatur County,1377569408,4138626,40.7363787,-93.7845799,05000US19053,7908,19053,5.7405455972495e-06
Wabash County,1068468084,21854119,40.8437475,-85.7951915,05000US18169,31198,18169,2.9198813204793865e-05
Allen County,1702400299,7053646,41.0919086,-85.0717907,05000US18003,375520,18003,0.00022058266802501308
Marshall County,1148969991,15858580,41.3250032,-86.2690363,05000US18099,46336,18099,4.032829435316383e-05
Thomas County,1845564903,2028433,41.8557296,-100.5247028,05000US31171,586,31171,3.175179583483876e-07
Sioux County,2833580511,88449896,46.1106181,-101.061284,05000US38085,4339,38085,1.531278177258751e-06
Dimmit County,3441795903,14575999,28.4235871,-99.7658713,05000US48127,10232,48127,2.9728665755809053e-06
Fillmore County,2230843183,2055817,43.6791869,-92.0939369,05000US27045,21031,27045,9.427377128193237e-06
Chester County,1503905790,14249301,34.6893424,-81.1612488,05000US45023,32260,45023,2.1450811755967772e-05
Lac qui Parle County,1981395022,33648339,44.9998559,-96.176836,05000US27073,6645,27073,3.3536977363012676e-06
Cache County,3016627502,21097697,41.7341174,-111.7453987,05000US49005,126336,49005,4.187988073311678e-05
Pierce County,1486700521,48452323,44.7253365,-92.4262793,05000US55093,42336,55093,2.8476481579170713e-05
Charlton County,2020415648,5963237,30.7799036,-82.1396442,05000US13049,13032,13049,6.4501579231482964e-06
Polk County,803767094,4673256,33.9960153,-85.1883384,05000US13233,42251,13233,5.256622262269423e-05
McLean County,3064597287,7804856,40.4945594,-88.8445391,05000US17113,172164,17113,5.617834380077228e-05
Androscoggin County,1211990523,75546580,44.1676811,-70.2074347,05000US23001,107958,23001,8.907495393014719e-05
Kootenai County,3205833858,184447536,47.6759569,-116.6959192,05000US16055,161676,16055,5.043180874659039e-05
Clark County,20439281712,438410943,36.2141295,-115.0143977,05000US32003,2228866,32003,0.00010904815694630903
Phillips County,2294395636,22493383,39.7845058,-99.3421498,05000US20147,5297,20147,2.3086689657563487e-06
Holt County,6248078964,13204318,42.4592867,-98.7847662,05000US31089,10123,31089,1.6201779872383829e-06
Johnson County,2147776085,10180467,38.741528,-93.8118634,05000US29101,53948,29101,2.5118074633930006e-05
La Crosse County,1170166356,73159122,43.9082222,-91.1117584,05000US55063,118168,55063,0.0001009839322367255
Caldwell Parish,1372098436,29104196,32.1012195,-92.1142311,05000US22021,9959,22021,7.258225604449272e-06
Edmonson County,784468401,13258105,37.2275136,-86.2180153,05000US21061,12195,21061,1.5545559240441605e-05
Bond County,985065096,6462629,38.885924,-89.4365916,05000US17005,16520,17005,1.6770465289128465e-05
Brown County,791828626,4144346,39.9620694,-90.7503095,05000US17009,6599,17009,8.33387400167066e-06
McLeod County,1273004836,36432583,44.8216571,-94.2723231,05000US27085,35788,27085,2.8113011818911897e-05
Dunn County,2201902840,35572613,44.9477513,-91.8976451,05000US55033,45029,55033,2.0450039475856255e-05
Custer County,1913031975,3364150,38.1019955,-105.3735123,05000US08027,4941,08027,2.582810985164009e-06
Madison County,1280454067,8322301,37.4744807,-90.3434128,05000US29123,12176,29123,9.509126733868229e-06
Nolan County,2362061742,5052159,32.3123379,-100.4181078,05000US48353,14901,48353,6.308471846880284e-06
Wayne County,1879734030,64785676,41.6466021,-75.2924932,05000US42127,51268,42127,2.7274071321675227e-05
Saratoga County,2097880439,87571790,43.1061353,-73.8553872,05000US36091,229313,36091,0.00010930699182709716
Brazos County,1518090937,13210254,30.6567132,-96.3023935,05000US48041,226370,48041,0.0001491149143195234
Marshall County,962153982,143719930,34.0270069,-96.7705327,05000US40095,16688,40095,1.7344417122622272e-05
Allegany County,1093502055,14761330,39.6123134,-78.7031037,05000US24001,71002,24001,6.493083362335336e-05
Wetzel County,927389119,8449879,39.59818,-80.6353994,05000US54103,15291,54103,1.6488224507624397e-05
Jackson County,2558687757,32538316,44.3245897,-90.7995104,05000US55053,20556,55053,8.033805587947713e-06
Clatsop County,2144846710,661654767,46.0245094,-123.7050366,05000US41007,39656,41007,1.8488966980768522e-05
Lewis County,6223175362,86929744,46.5800714,-122.3774443,05000US53041,79430,53041,1.2763580548447351e-05
Allegany County,2666225086,12989848,42.2478532,-78.0261531,05000US36003,46304,36003,1.7366875828727386e-05
Cedar County,1500798731,6385833,41.77236,-91.1326105,05000US19031,18475,19031,1.2310111688120824e-05
Orange County,1031795759,25416479,38.5473812,-86.489257,05000US18117,19552,18117,1.8949486688091728e-05
DeKalb County,693443933,8858826,33.7706611,-84.2263432,05000US13089,755287,13089,0.0010891825049682857
Pickens County,601031041,1690669,34.4567464,-84.4903508,05000US13227,32002,13227,5.324517007766326e-05
Chouteau County,10288778621,62611691,47.8868343,-110.4362004,05000US30015,5731,30015,5.570146089354759e-07
Brown County,3163296263,9814399,42.3595618,-99.9239198,05000US31017,2887,31017,9.126555845458602e-07
Campbell County,1243685301,46425147,36.4015922,-84.1592495,05000US47013,39818,47013,3.201613781877446e-05
Franklin County,1273761673,7173998,36.0882406,-78.2830903,05000US37069,68027,37069,5.340638004893087e-05
Baltimore city,209649327,28758743,39.3000324,-76.6104761,05000US24510,602274,24510,0.0028727685827486583
Lyon County,2194958222,20561825,38.4554034,-96.1616407,05000US20111,33237,20111,1.5142429439825575e-05
Carroll County,1474877210,2145349,42.0395021,-94.8676496,05000US19027,20150,19027,1.3662154288762792e-05
Tensas Parish,1561795836,99432220,32.0014894,-91.342576,05000US22107,4435,22107,2.8396797441583137e-06
Monroe County,1646647004,43545177,35.4478181,-84.249705,05000US47123,46413,47123,2.8186368959014607e-05
Hamilton County,2580958328,2893322,37.9952438,-101.7936887,05000US20075,2552,20075,9.88780009469413e-07
Pocahontas County,1495047209,3666530,42.7340333,-94.6782789,05000US19151,6725,19151,4.4981857158197605e-06
Gem County,1449796224,12491930,44.0614727,-116.3987839,05000US16045,17771,16045,1.2257584690743407e-05
Independence County,1978003742,20251226,35.7374992,-91.5599423,05000US05063,37585,05063,1.9001480736329163e-05
Lonoke County,1998042333,82719024,34.7551137,-91.894132,05000US05085,73163,05085,3.661734228130591e-05
Newton County,1040539827,4349506,40.9623985,-87.4021716,05000US18111,13981,18111,1.3436294928094087e-05
Franklin County,676893233,12732649,34.3752657,-83.2275325,05000US13119,23015,13119,3.4000930838083885e-05
Hendry County,2993896403,86578552,26.539967,-81.1521142,05000US12051,41472,12051,1.3852182713618097e-05
Taliaferro County,504029143,1917633,33.559319,-82.8752721,05000US13265,1596,13265,3.1664835697804084e-06
Jefferson County,2270802077,610951822,29.8539997,-94.1493306,05000US48245,253136,48245,0.00011147426830541868
Meagher County,6194909925,7475979,46.5856996,-110.9217396,05000US30059,1795,30059,2.8975401123366616e-07
La Plata County,4376255276,25642579,37.2873673,-107.8397178,05000US08067,56138,08067,1.2827862283964259e-05
Bell County,2729409784,94384056,31.0427497,-97.4812684,05000US48027,355700,48027,0.00013032121526241293
Kemper County,1984403150,2182350,32.7501361,-88.6256306,05000US28069,9829,28069,4.953126586197971e-06
Clark County,2242855171,43965580,34.0533162,-93.1762085,05000US05019,22341,05019,9.960964171413278e-06
Klamath County,15410368803,484957652,42.6837613,-121.6461682,05000US41035,67606,41035,4.387046206631918e-06
Oswego County,2464751380,933476017,43.4614431,-76.2092618,05000US36075,117630,36075,4.7724894670715224e-05
Naranjito Municipio,70969173,898340,18.2899204,-66.2534399,05000US72105,27719,72105,0.00039057803308487196
Cherokee County,1433620850,120310807,34.0695153,-85.6542417,05000US01019,26035,01019,1.816031065675419e-05
Bandera County,2048663887,17291422,29.756389,-99.2482849,05000US48019,22770,48019,1.1114561126639315e-05
Rosebud County,12971010184,44234227,46.1732061,-106.6667917,05000US30087,9065,30087,6.98866153939333e-07
Union County,9906834380,15498790,36.4880853,-103.4757229,05000US35059,4106,35059,4.144613549096195e-07
Schoolcraft County,3035145671,1844210517,46.0211217,-86.197029,05000US26153,8031,26153,2.646001500598157e-06
Ulster County,2911757764,94596811,41.9472124,-74.2654582,05000US36111,178371,36111,6.125887331883148e-05
Camden County,573315345,15699106,39.8024071,-74.9612493,05000US34007,506721,34007,0.0008838434282619803
Jersey County,957415216,20333974,39.0801945,-90.361385,05000US17083,21776,17083,2.274457271629575e-05
Hanover County,1211145331,12703282,37.7602149,-77.4913168,05000US51085,106538,51085,8.796467052557213e-05
Wallace County,2366348285,140936,38.9266259,-101.7711031,05000US20199,1583,20199,6.689632333644411e-07
Alger County,2369927690,10703517569,46.5217365,-86.6571192,05000US26003,9098,26003,3.838935693434596e-06
Fulton County,1600705526,6367763,36.3813225,-91.8192849,05000US05049,12301,05049,7.684736386672536e-06
Hidalgo County,4068758841,30739605,26.3963839,-98.18099,05000US48215,861137,48215,0.0002116461146142429
Robeson County,2453481924,5076395,34.6392096,-79.1008811,05000US37155,131656,37155,5.366088036440736e-05
Newaygo County,2172706359,59083043,43.5627117,-85.7913723,05000US26123,48687,26123,2.2408458371893596e-05
Morrow County,5259046087,44372730,45.4254956,-119.6023111,05000US41049,11425,41049,2.172447210196886e-06
Todd County,2447791802,89136471,46.0665694,-94.9005758,05000US27153,24603,27153,1.0051099926022222e-05
Logan County,1836602033,53970569,35.2186538,-93.7209102,05000US05083,21619,05083,1.1771194636372266e-05
Lincoln County,766239897,23350160,35.4884909,-81.2268928,05000US37109,84580,37109,0.00011038318460204115
Miller County,1616257250,36848741,33.3055054,-93.9015018,05000US05091,43515,05091,2.6923313105014686e-05
Orange County,2336230360,262653307,28.5143906,-81.3232839,05000US12095,1373784,12095,0.0005880344779014001
San Juan County,1003660672,2035929,37.7810492,-107.6702567,05000US08111,646,08111,6.436438310497036e-07
Franklin County,1717211160,12153472,42.1736093,-111.8229653,05000US16041,13736,16041,7.999016265419566e-06
Carroll County,1292752874,12024409,33.5822366,-85.0805272,05000US13045,118692,13045,9.181337159417524e-05
Riley County,1579116499,32002514,39.2912114,-96.7274889,05000US20161,74059,20161,4.689900969744728e-05
Schleicher County,3394546068,87401,30.8962331,-100.5272161,05000US48413,2898,48413,8.537223952619517e-07
Russell County,1226421378,7549891,36.9334198,-82.0959342,05000US51167,26937,51167,2.196390285036274e-05
Caldwell County,1222184251,7052759,35.9663959,-81.5125404,05000US37027,82056,37027,6.713881309864792e-05
Madison County,1215396326,10500895,43.788614,-111.6569925,05000US16065,39725,16065,3.2684811653774905e-05
Warrick County,996739079,16078776,38.0977282,-87.2720486,05000US18173,62608,18173,6.281282766881462e-05
Adair County,1049690986,18403521,37.1055589,-85.2813796,05000US21001,19366,21001,1.8449239117311044e-05
Gallatin County,254761072,16238078,38.7556634,-84.8651432,05000US21077,8760,21077,3.438515912666594e-05
Harrison County,793604330,8981053,38.4445776,-84.3341313,05000US21097,18763,21097,2.364276414671276e-05
Sagadahoc County,657782142,300590925,43.9168446,-69.844227,05000US23023,35720,23023,5.430369376005346e-05
Sweet Grass County,4805816391,17455905,45.8112917,-109.944796,05000US30097,3676,30097,7.649064593653969e-07
Grayson County,2416033533,120074902,33.624524,-96.675693,05000US48181,133527,48181,5.5267030931561164e-05
Greene County,1491658046,5296803,39.8477067,-80.2256552,05000US42059,36484,42059,2.4458688838125302e-05
Northwest Arctic Borough,92367472817,12837268666,67.0050655,-160.0210864,05000US02188,7709,02188,8.346011604402343e-08
Ellis County,2330762295,1197085,38.9145967,-99.3173133,05000US20051,28747,20051,1.2333733071651564e-05
Hale County,1667926655,32403804,32.7527958,-87.6230608,05000US01065,14754,01065,8.845712703116432e-06
Perry County,1863936200,10902207,32.6390053,-87.2938269,05000US01105,9104,01105,4.8842873484618195e-06
Colbert County,1535742270,79160396,34.703112,-87.8014569,05000US01033,54957,01033,3.578530139695901e-05
Pratt County,1903740950,1771939,37.6475943,-98.7401199,05000US20151,9324,20151,4.897725186822293e-06
Bourbon County,750439787,4829339,38.2025623,-84.2098602,05000US21017,19998,21017,2.6648373855476297e-05
Rutherford County,1603892832,12406556,35.8433688,-86.4172127,05000US47149,324139,47149,0.0002020951734012114
Cook County,591684405,12308449,31.1525157,-83.4294448,05000US13075,17217,13075,2.9098282554869772e-05
Lane County,1858080220,551220,38.4812863,-100.4661853,05000US20101,1523,20101,8.196632113117269e-07
Harper County,2689919591,5259447,36.8003504,-99.6628052,05000US40059,3730,40059,1.386658550121694e-06
Piatt County,1137492089,754122,40.0090327,-88.5923546,05000US17147,16412,17147,1.4428232212523107e-05
Crosby County,2331503429,3873557,33.609144,-101.2987099,05000US48107,5753,48107,2.4675065575466497e-06
Fajardo Municipio,77448650,195352769,18.3863776,-65.588454,05000US72053,30263,72053,0.00039074922545454313
Greene County,1675782057,33416141,32.8444965,-87.9642005,05000US01063,8221,01063,4.905769199317784e-06
Clark County,4566524477,2476453,44.290218,-112.3546128,05000US16033,885,16033,1.9380165472832524e-07
Kossuth County,2519361809,4125592,43.212356,-94.2139652,05000US19109,14864,19109,5.899906852164242e-06
Yabucoa Municipio,143005188,72592515,18.0598584,-65.8598713,05000US72151,32867,72151,0.00022983082264120376
Burke County,2858360401,65734594,48.7864534,-102.5200874,05000US38013,2142,38013,7.493806586638338e-07
Durham County,742095312,29365150,36.0338282,-78.8781246,05000US37063,317665,37063,0.0004280649599360358
Harrison County,1804896271,12325506,41.6885844,-95.8271491,05000US19085,14043,19085,7.780502528391561e-06
Keya Paha County,2002257565,2192458,42.8754803,-99.7183514,05000US31103,875,31103,4.3700671446832564e-07
Webster County,1853670893,7269394,42.4335786,-94.1758309,05000US19187,36348,19187,1.960865876313892e-05
Pope County,955362037,14662240,37.4171687,-88.5423737,05000US17151,4177,17151,4.372164517983668e-06
Smith County,814020543,28690306,36.2566451,-85.9419149,05000US47159,19926,47159,2.4478497712802807e-05
Henry County,990284625,5269785,36.6206119,-79.9806618,05000US51089,51032,51089,5.15326591079812e-05
Alexandria city,38682337,1069028,38.8192511,-77.0836695,05000US51510,158309,51510,0.004092539703586162
Jefferson County,1128002393,3522238,41.0063762,-91.9666277,05000US19101,18153,19101,1.6093050965717232e-05
Lewis and Clark County,8957164727,101496096,47.1320133,-112.3733673,05000US30049,68714,30049,7.671400727160034e-06
Duchesne County,8379502802,38797805,40.2893927,-110.4295838,05000US49013,19950,49013,2.3808095147648116e-06
Alfalfa County,2244392662,38546676,36.7297032,-98.3234449,05000US40003,5791,40003,2.580208043827582e-06
Delta County,665192108,54648180,33.3859329,-95.6733504,05000US48119,5277,48119,7.93304661395652e-06
Trousdale County,296143586,5960709,36.3930297,-86.1566909,05000US47169,10910,47169,3.6840237357023155e-05
Perry County,879824451,7529756,37.2412822,-83.2177723,05000US21193,26266,21193,2.9853682709256736e-05
Deuel County,1612885711,35935421,44.7562899,-96.6902393,05000US46039,4309,46039,2.671609011483145e-06
Jackson County,7208590231,46774125,42.4116214,-122.6756106,05000US41029,218781,41029,3.0350039742743146e-05
Hormigueros Municipio,29384892,481,18.1346949,-67.1161994,05000US72067,15731,72067,0.0005353431280264701
Zavala County,3360268878,11208707,28.8646523,-99.7598304,05000US48507,11930,48507,3.550311130786838e-06
Banner County,1932231568,392073,41.5397495,-103.7262626,05000US31007,645,31007,3.3381092136260967e-07
Madison County,1452999052,2983840,41.3306216,-94.0151842,05000US19121,16148,19121,1.1113565406510672e-05
Broward County,3115058072,273491305,26.1935353,-80.4766834,05000US12011,1942273,12011,0.0006235110084971796
Toombs County,942788867,18076118,32.1177534,-82.3305967,05000US13279,26947,13279,2.858222126205909e-05
Sanilac County,2493048510,1624879474,43.4491547,-82.6428148,05000US26151,41179,26151,1.6517528573882422e-05
Rockwall County,329461303,56272445,32.8998859,-96.4120504,05000US48397,101175,48397,0.0003070922110691707
Wayne County,1584653155,157748402,42.2846636,-83.2619533,05000US26163,1753059,26163,0.0011062730001632438
Nobles County,1852143783,19253011,43.6776863,-95.7631323,05000US27105,21667,27105,1.1698335841348664e-05
Aitkin County,4718370819,449370012,46.6024464,-93.41976,05000US27001,15826,27001,3.3541238294098565e-06
Ramsey County,3070086477,299504065,48.2661631,-98.739031,05000US38071,11521,38071,3.752663023113925e-06
Person County,1016154887,31205409,36.3863503,-78.9656233,05000US37145,39561,37145,3.8932057018193524e-05
Trego County,2303727352,26281951,38.9213022,-99.865423,05000US20195,2802,20195,1.2162897651787745e-06
Washington County,1875077589,94257003,33.273174,-90.9444459,05000US28151,45072,28151,2.4037405312938225e-05
Eastland County,2399644791,14002299,32.3246454,-98.8365596,05000US48133,18289,48133,7.62154468386067e-06
Issaquena County,1069614257,73664788,32.7555393,-91.0035351,05000US28055,1223,28055,1.1434028594852584e-06
DeWitt County,2354237965,3919919,29.0823457,-97.3616543,05000US48123,20217,48123,8.587492131450696e-06
Angelina County,2066460812,173300091,31.2518963,-94.6111337,05000US48005,87119,48005,4.2158554129890755e-05
Saluda County,1172525912,23102511,34.0052784,-81.7279033,05000US45081,20292,45081,1.7306227344168068e-05
Maries County,1364873607,7632374,38.1626154,-91.923601,05000US29125,8791,29125,6.440889438343429e-06
Arkansas County,2569632248,120698180,34.2895697,-91.3765466,05000US05001,17761,05001,6.911883991891745e-06
Lawrence County,1584393361,4247256,37.1065898,-93.8305507,05000US29109,38241,29109,2.4136051653147516e-05
Charlottesville city,26534611,46120,38.0376579,-78.4853806,05000US51540,47217,51540,0.0017794494895742017
Bureau County,2250884551,11523914,41.4013043,-89.5283772,05000US17011,32878,17011,1.4606702056484105e-05
Scioto County,1580267231,16098454,38.8148886,-82.998675,05000US39145,75441,39145,4.7739394021516605e-05
Madison County,1164498325,4840167,35.8642058,-82.7126309,05000US37115,21608,37115,1.8555629953353517e-05
Jerome County,1547629731,12908802,42.6913953,-114.2620858,05000US16053,24074,16053,1.5555400311704144e-05
Vinton County,1068008168,6781751,39.2520418,-82.4859614,05000US39163,13045,39163,1.221432606122166e-05
McLennan County,2684924491,61092093,31.5495958,-97.2015108,05000US48309,254045,48309,9.461904826432603e-05
Custer County,12748378765,42527190,44.273351,-114.2522675,05000US16037,4193,16037,3.289045671839983e-07
Howard County,1225702841,931480,43.3653125,-92.3219084,05000US19089,9201,19089,7.5067134481741815e-06
Palm Beach County,5087510105,1084950939,26.6491257,-80.4483542,05000US12099,1482057,12099,0.0002913128366159776
Lincoln County,544884775,121513274,33.7921507,-82.4482992,05000US13181,7929,13181,1.4551700403080633e-05
Butler County,2012002546,2701199,31.751667,-86.6819689,05000US01013,19726,01013,9.804162544036861e-06
Sumner County,1371292904,35631916,36.4724225,-86.4584051,05000US47165,187680,47165,0.00013686353911155366
King and Queen County,816232787,28929275,37.7177719,-76.9055814,05000US51097,7011,51097,8.58946137874268e-06
Carroll County,1631531741,22705316,36.3373704,-93.5409718,05000US05015,28062,05015,1.7199787962936113e-05
Waynesboro city,38771593,364644,38.0671571,-78.9014197,05000US51820,22300,51820,0.0005751633676748851
Sitka City and Borough,7433415763,5037747536,57.1932044,-135.3673965,05000US02220,8569,02220,1.1527674857973635e-06
Multnomah County,1116697857,88087483,45.5477107,-122.4173625,05000US41051,809869,41051,0.0007252355638755381
Grundy County,933545812,1755421,35.3933855,-85.7103793,05000US47061,13371,47061,1.4322810758857541e-05
Hubbard County,2398345766,190324762,47.0955506,-94.9132898,05000US27057,21287,27057,8.875701036011502e-06
Sargent County,2223461624,21731922,46.1082035,-97.6300507,05000US38081,3899,38081,1.753571978897352e-06
St. Lawrence County,6939914687,367260873,44.4881125,-75.074311,05000US36089,108352,36089,1.5612872043364934e-05
Reynolds County,2093946390,15373678,37.3664637,-90.9722821,05000US29179,6274,29179,2.9962562699611428e-06
Sacramento County,2500040418,75346029,38.4501363,-121.3443291,05000US06067,1537948,06067,0.0006151692544356297
Paulding County,1078561237,6245396,41.1189483,-84.5821249,05000US39125,18742,39125,1.7376852938021913e-05
Wells County,953341275,5596377,40.7352727,-85.2129742,05000US18179,28010,18179,2.9380874126109773e-05
Floyd County,986585628,2190752,36.9314331,-80.3502662,05000US51063,15766,51063,1.598036658202769e-05
Santa Barbara County,7080860393,2729213352,34.5366774,-120.0383645,05000US06083,444895,06083,6.283064137796228e-05
Boone County,1298967362,4305989,38.0228143,-81.7135382,05000US54005,21897,54005,1.6857236479202622e-05
Benton County,1053131418,5279184,34.8095927,-89.200213,05000US28009,8275,28009,7.857518879946662e-06
Crittenden County,932300423,29349959,37.3581494,-88.1050103,05000US21055,8940,21055,9.589183678832246e-06
Palo Alto County,1460400553,14428727,43.0753374,-94.6690546,05000US19147,8941,19147,6.122292943284033e-06
Ringgold County,1386932363,8723125,40.7353342,-94.2442514,05000US19159,4922,19159,3.5488392450180356e-06
Randolph County,2026242785,19753287,35.7099148,-79.8062153,05000US37151,143460,37151,7.080099238946828e-05
Cecil County,896912528,185281258,39.5623537,-75.9415852,05000US24015,102889,24015,0.00011471464249633048
Warren County,944543938,4442757,40.3524984,-87.3751633,05000US18171,8219,18171,8.70155391331303e-06
Greeley County,1475804204,2188872,41.5675715,-98.5305655,05000US31077,2361,31077,1.5998057151489181e-06
Jefferson County,1476754309,14214254,40.1757356,-97.1431027,05000US31095,7102,31095,4.809195379838909e-06
Saline County,1486812316,5821039,40.5168024,-97.131755,05000US31151,14221,31151,9.564758004062699e-06
Knott County,910427584,3453303,37.3543684,-82.9525461,05000US21119,15041,21119,1.6520808754406105e-05
Clinton County,1799934696,39410955,41.8980732,-90.5342431,05000US19045,46734,19045,2.596427531724184e-05
Jackson County,1820689892,42120424,43.671111,-95.1497314,05000US27063,9873,27063,5.422669749187579e-06
Dodge County,1137734301,800218,44.0207056,-92.8693529,05000US27039,20807,27039,1.828810116888618e-05
Freeborn County,1831756443,39305226,43.6742019,-93.3502887,05000US27047,30465,27047,1.6631577913330696e-05
Calaveras County,2641837359,43789489,38.1910682,-120.5541065,05000US06009,45828,06009,1.7347017916858825e-05
Barnstable County,1021028238,2360307750,41.7061233,-70.1648227,05000US25001,213505,25001,0.00020910783076696847
Middlesex County,337554148,208310589,37.6069753,-76.5280819,05000US51119,10642,51119,3.15267937397706e-05
Jefferson County,1689799787,11306232,41.1380282,-79.012419,05000US42065,43570,42065,2.5784119713585927e-05
Lake County,1291702720,331279861,41.472247,-87.3743368,05000US18089,485983,18089,0.0003762344016740942
Bedford County,1226719748,2980759,35.5136604,-86.4582939,05000US47003,48937,47003,3.989256721413765e-05
Clay County,612626871,59070611,36.5457493,-85.5457173,05000US47027,7640,47027,1.2470886214196112e-05
Coles County,1316418028,4650074,39.5136797,-88.220782,05000US17029,51065,17029,3.8790869551962715e-05
Lauderdale County,1222203226,80251266,35.7629507,-89.6277318,05000US47097,25689,47097,2.101859940598782e-05
Baker County,7945996788,51832631,44.7034268,-117.6919334,05000US41001,16090,41001,2.0249190163654518e-06
Schuyler County,850405404,36246373,42.4197755,-76.938603,05000US36097,17845,36097,2.0984109362503534e-05
Van Buren County,1574177246,1248660328,42.2821497,-86.3060762,05000US26159,75416,26159,4.7908201056541e-05
Mercer County,1453604391,19411909,41.2056046,-90.7417698,05000US17131,15503,17131,1.0665212691972393e-05
Lawrence County,1076387821,11582519,38.0744531,-82.7382903,05000US21127,15604,21127,1.4496633736995803e-05
Morgan County,987114235,6889951,37.9229402,-83.2589444,05000US21175,13270,21175,1.3443226254355454e-05
Muhlenberg County,1210451479,31188648,37.2138159,-87.1340919,05000US21177,30815,21177,2.5457443387534577e-05
Effingham County,1240005834,3174583,39.0479445,-88.5928488,05000US17049,34151,17049,2.754099945629772e-05
Loudon County,593811372,46869994,35.7350854,-84.3140848,05000US47105,53169,47105,8.9538534469158e-05
Clark County,2479944305,25864874,44.8552107,-97.7249124,05000US46025,3715,46025,1.4980175129376546e-06
Honolulu County,1555612626,4054877012,21.4613654,-158.201974,05000US15003,979682,15003,0.0006297724662463623
Gilchrist County,905705571,14362143,29.7234556,-82.7958011,05000US12041,18245,12041,2.0144515595565438e-05
Tippecanoe County,1292163451,11230872,40.3891334,-86.8935538,05000US18157,193302,18157,0.00014959562573171713
Snyder County,851547199,7158854,40.7554068,-77.0729288,05000US42109,40452,42109,4.7504119616040215e-05
Lamar County,2349976646,66748710,33.6672628,-95.5703477,05000US48277,49705,48277,2.1151274028448365e-05
Miami-Dade County,4920728991,1267583864,25.6160085,-80.5037495,05000US12086,2705528,12086,0.0005498225984297049
Dundy County,2381956204,3046331,40.180165,-101.6811327,05000US31057,1928,31057,8.094187444598373e-07
Leon County,2779462026,19328383,31.3004926,-95.9956219,05000US48289,17325,48289,6.233220615333566e-06
Pitkin County,2514104905,6472577,39.2175407,-106.9161621,05000US08097,17980,08097,7.151650658746079e-06
Grand Forks County,3719806628,8267352,47.9260026,-97.450851,05000US38035,70243,38035,1.8883508478978925e-05
LaPorte County,1549555244,38779440,41.5490129,-86.7447386,05000US18091,110026,18091,7.100489022642422e-05
Hamilton County,1021431273,20952876,40.0535128,-86.021709,05000US18057,330455,18057,0.0003235215219418879
Emporia city,17881071,165621,36.696182,-77.5359753,05000US51595,5408,51595,0.00030244273399507223
Lincoln County,2466633022,34719802,35.7031175,-96.8813917,05000US40081,34936,40081,1.4163436428688175e-05
Greeley County,2016057907,0,38.4804041,-101.8059697,05000US20071,1156,20071,5.733962283455383e-07
Harris County,1201240346,23711353,32.7315494,-84.912432,05000US13145,34676,13145,2.8866829286468205e-05
Screven County,1672556593,26135835,32.7447512,-81.6175849,05000US13251,13977,13251,8.356667904988492e-06
San Juan Municipio,124029902,75277895,18.4222485,-66.0690807,05000US72127,326953,72127,0.0026360820635011064
Stonewall County,2373238700,10177387,33.1795797,-100.2538069,05000US48433,1412,48433,5.949675437198964e-07
Henry County,1077461417,9687647,41.3315843,-84.0688996,05000US39069,27068,39069,2.5122013255347965e-05
Grafton County,4425249894,106463952,43.9264391,-71.8424242,05000US33009,90331,33009,2.0412632543639128e-05
Newton County,1618106506,4715004,36.9083713,-94.335034,05000US29145,58288,29145,3.602235068202612e-05
Posey County,1060302147,26505383,38.0276138,-87.8686526,05000US18129,25480,18129,2.4030885981031594e-05
McMullen County,2952066567,43985124,28.384922,-98.5788529,05000US48311,724,48311,2.452519221935282e-07
Cumberland County,895989975,2538006,39.273121,-88.2406193,05000US17035,10787,17035,1.2039197201955301e-05
Walton County,846461373,8234387,33.7838866,-83.731829,05000US13297,93284,13297,0.00011020467439569744
Pope County,1734089839,123219751,45.5896228,-95.4467052,05000US27121,11107,27121,6.405089142558548e-06
Rappahannock County,689900922,2142396,38.6845215,-78.1688241,05000US51157,7360,51157,1.066819852720823e-05
Amherst County,1227554631,12898694,37.6293036,-79.1546672,05000US51009,31782,51009,2.5890497414448678e-05
Ventura County,4767622152,947345735,34.3587477,-119.1331453,05000US06111,845599,06111,0.0001773628389668578
Crawford County,1149031261,5744821,39.0027865,-87.7606193,05000US17033,18833,17033,1.6390328652685803e-05
Park County,5681165604,43519329,39.1189141,-105.7176479,05000US08093,18345,08093,3.2290908730214862e-06
Los Angeles County,10513491099,1787501506,34.1963983,-118.2618616,05000US06037,10040682,06037,0.0009550283445767152
Yuma County,14280774789,13253159,32.7739424,-113.910905,05000US04027,211931,04027,1.4840301253349594e-05
Gordon County,923182601,5729235,34.5096669,-84.8738622,05000US13129,57756,13129,6.256183764451167e-05
Calhoun County,1475894578,5873827,42.3861699,-94.6436829,05000US19025,9656,19025,6.542472710405201e-06
Highlands County,2635726544,230667884,27.3410799,-81.3423534,05000US12055,104574,12055,3.967558783290836e-05
Covington city,14163842,521492,37.7810603,-79.9854337,05000US51580,5653,51580,0.00039911487292783977
Orange County,1779816925,12026595,44.0033492,-72.3694641,05000US50017,28873,50017,1.622245501457966e-05
McPherson County,2326547430,6003328,38.395812,-97.6474893,05000US20113,28557,20113,1.2274411272157043e-05
Pinal County,13897997152,22344374,32.9185209,-111.3663396,05000US04021,447559,04021,3.2203129350590904e-05
Fulton County,1050103237,4586248,41.5972639,-84.1242667,05000US39051,42186,39051,4.017319299054784e-05
Alamosa County,1871643031,1670455,37.5684423,-105.7880414,05000US08003,16153,08003,8.630385032005604e-06
Citrus County,1507161659,981147323,28.8502922,-82.5955524,05000US12017,147938,12017,9.815669017095133e-05
Culebra Municipio,30161189,407112670,18.3266082,-65.3077686,05000US72049,1371,72049,4.545576767547194e-05
Dorado Municipio,59869071,79239770,18.4743757,-66.2619727,05000US72051,36475,72051,0.0006092461331160459
DeKalb County,788430955,63639368,35.9822191,-85.8335959,05000US47041,20104,47041,2.549874516278981e-05
Clarion County,1556156259,23331583,41.1981594,-79.4203691,05000US42031,38633,42031,2.4825913064042753e-05
Miner County,1476734132,4537900,44.0215411,-97.608122,05000US46097,2213,46097,1.498577131824566e-06
Jerauld County,1362677265,16727973,44.0634099,-98.6231702,05000US46073,2009,46073,1.4743036018877147e-06
Decatur County,964946132,1955432,39.3059799,-85.499831,05000US18031,26587,18031,2.7552833384485756e-05
Dubois County,1106611837,20897444,38.3733441,-86.8733845,05000US18037,42534,18037,3.843624166836018e-05
Essex County,666494453,74795284,37.936389,-76.9337475,05000US51057,10960,51057,1.6444247886336122e-05
Williamsburg County,2419477521,7461492,33.6264617,-79.716474,05000US45089,30810,45089,1.2734154267846162e-05
Essex County,4646753187,316350557,44.1096005,-73.7784307,05000US36031,37281,36031,8.02302134408586e-06
Worth County,1036314932,4709127,43.373491,-93.2485332,05000US19195,7422,19195,7.161915524729697e-06
Hughes County,2083569822,26467409,35.0529339,-96.2511829,05000US40063,13265,40063,6.366477312129164e-06
Buchanan County,1302386895,2804450,37.2681198,-82.0381508,05000US51027,21374,51027,1.6411405920972507e-05
Alleghany County,1156616591,8162741,37.7879048,-80.008669,05000US51005,15030,51005,1.2994798896153825e-05
Lowndes County,1309092529,28545194,33.4714237,-88.4397227,05000US28087,58896,28087,4.4989944328068195e-05
Scott County,493140245,6074951,38.6794309,-85.7518981,05000US18143,23785,18143,4.8231715503162794e-05
Prowers County,4243457240,15317423,37.9581814,-102.3921613,05000US08099,12035,08099,2.8361308525875473e-06
Sutton County,3765674775,1277066,30.5221852,-100.5133594,05000US48435,3793,48435,1.0072563953694063e-06
Sabana Grande Municipio,94050243,25323,18.0844832,-66.9476086,05000US72121,22140,72121,0.00023540609033833118
Muskogee County,2099505291,76120773,35.6175506,-95.3839106,05000US40101,68451,40101,3.26033948537451e-05
Christian County,1457099562,3049206,36.9697388,-93.1876139,05000US29043,87324,29043,5.99300159559035e-05
Ciales Municipio,172310193,459604,18.2959127,-66.5155884,05000US72039,16188,72039,9.394685084010091e-05
Lamar County,1286109795,8871408,31.1975865,-89.5063691,05000US28073,62693,28073,4.874622698911954e-05
Ripley County,1156231104,4243112,39.1002257,-85.2604937,05000US18137,28457,18137,2.4611861678476346e-05
Mercer County,2700790007,180823534,47.3071473,-101.8333279,05000US38057,8359,38057,3.095020337877013e-06
Hart County,601970613,63521436,34.3487328,-82.96329,05000US13147,25981,13147,4.315991418670798e-05
Jackson Parish,1474681465,28647417,32.3042901,-92.5616997,05000US22049,15822,22049,1.0729096673090687e-05
Northumberland County,495805446,243886813,37.8569736,-76.3796872,05000US51133,12151,51133,2.4507596877021798e-05
Fort Bend County,2231836834,60950681,29.5266017,-95.7710149,05000US48157,790892,48157,0.00035436819930179537
Green Lake County,905314776,79202664,43.7802469,-88.9703796,05000US55047,18807,55047,2.0773989885701368e-05
Pondera County,4207608375,43980663,48.2286037,-112.2207612,05000US30073,5911,30073,1.404836066759659e-06
Walworth County,1438448435,54928965,42.6681095,-88.5417306,05000US55127,103391,55127,7.187675100776206e-05
Mineral County,9715777470,155864513,38.516647,-118.4162794,05000US32021,4487,32021,4.6182613937533917e-07
Fulton County,2242109646,43927383,40.4652401,-90.2022689,05000US17057,34654,17057,1.545597917649742e-05
Suffolk County,2359930478,3786764809,40.943554,-72.6922183,05000US36103,1481364,36103,0.0006277151016988561
Union County,417480470,10326625,39.6231109,-84.9251523,05000US18161,7140,18161,1.7102596440020298e-05
McDonald County,1397155452,520251,36.6279546,-94.3437164,05000US29119,22882,29119,1.6377561972252176e-05
Scotts Bluff County,1915576081,15402683,41.8503306,-103.7015494,05000US31157,35884,31157,1.873274591175061e-05
San Miguel County,12228666259,51380263,35.4768585,-104.8035189,05000US35047,27546,35047,2.252575989611853e-06
Lee County,1573528082,21515484,32.6040644,-85.3530477,05000US01081,163461,01081,0.00010388184479824238
Parker County,2340624021,16510094,32.7770964,-97.8059049,05000US48367,138447,48367,5.9149610854993445e-05
Dickey County,2930554406,27619632,46.1077559,-98.4965182,05000US38021,4857,38021,1.657365579037129e-06
Barnes County,3863118053,56580900,46.94255,-98.0701946,05000US38003,10592,38003,2.7418266422830437e-06
Sibley County,1525073958,30338002,44.5757343,-94.2301232,05000US27143,14871,27143,9.751002514987539e-06
Upson County,837774876,10585407,32.8818367,-84.2922831,05000US13293,26329,13293,3.142729718239963e-05
Sonoma County,4080862341,498084088,38.5251824,-122.9261095,05000US06097,496801,06097,0.00012173922041150272
Chippewa County,4036515583,2952489040,46.3218192,-84.5206297,05000US26033,37418,26033,9.269876265952718e-06
Bonneville County,4832872003,88855960,43.3951708,-111.6218783,05000US16019,116970,16019,2.4202999774749052e-05
Barrow County,417082919,4909580,33.9920094,-83.7123025,05000US13013,81294,13013,0.00019491088293644554
Long County,1037006567,8862019,31.7495633,-81.7428697,05000US13183,19236,13183,1.854954501941934e-05
Kinney County,3523765247,11885327,29.3470865,-100.4177003,05000US48271,3674,48271,1.0426347223691771e-06
Ottawa County,1219410534,35714103,36.8357635,-94.8026814,05000US40115,31283,40115,2.565419858838123e-05
Clearfield County,2966379119,23934013,41.0068618,-78.4777237,05000US42033,79466,42033,2.6788888679471586e-05
Clinton County,1466836593,21279015,42.950455,-84.5916949,05000US26037,78957,26037,5.382808172143821e-05
Santa Isabel Municipio,88150116,111135065,17.9529217,-66.3875885,05000US72133,21474,72133,0.00024360716666555493
Montgomery County,1822740452,15459874,39.2280681,-89.4781406,05000US17135,28598,17135,1.5689562366721426e-05
Alcorn County,1036110409,3408033,34.8865689,-88.5811091,05000US28003,37058,28003,3.576645855316371e-05
Lafayette County,1636088509,123105438,34.353078,-89.4853847,05000US28071,54059,28071,3.304161095357953e-05
Grant Parish,1665848458,56005520,31.5977873,-92.5617156,05000US22043,22339,22043,1.3409983298732927e-05
Atchison County,1417462629,7359186,40.431846,-95.4375546,05000US29005,5180,29005,3.654417332790225e-06
Macon County,1503684112,13406665,39.8602372,-88.9615288,05000US17115,104688,17115,6.962100561184888e-05
St. Joseph County,1296536371,52915577,41.9114878,-85.5228703,05000US26149,60789,26149,4.688568817634812e-05
Franklin County,1059109158,58397116,37.9918516,-88.9263215,05000US17055,38688,17055,3.652881264199209e-05
Garfield County,12112233250,446864356,47.2671843,-106.9959912,05000US30033,1051,30033,8.677177679021331e-08
Adams County,1458872837,2477681,40.5206322,-98.5000441,05000US31001,31541,31001,2.1620116023861508e-05
Olmsted County,1692589218,3226186,43.9994993,-92.4100977,05000US27109,156446,27109,9.242998734498614e-05
Union County,266163567,6847407,40.6598707,-74.3086957,05000US34039,555208,34039,0.0020859654319255495
Trujillo Alto Municipio,53763401,1615332,18.3353871,-66.0037874,05000US72139,65011,72139,0.001209205496504955
Mobile County,3184064139,1074011171,30.6845725,-88.1965682,05000US01097,413977,01097,0.00013001528296160996
McCook County,1487184881,6895715,43.6804155,-97.3580479,05000US46087,5543,46087,3.727176137154396e-06
Fayette County,1625693254,4330881,33.7161568,-87.7642923,05000US01057,16406,01057,1.009169470294179e-05
Chambers County,1545085601,16971700,32.9155039,-85.3940321,05000US01017,33427,01017,2.1634400047716192e-05
Northampton County,1390032558,35891384,36.4217739,-77.3983518,05000US37131,19672,37131,1.4152186498641711e-05
Moffat County,12284943821,19803411,40.6108644,-108.2171545,05000US08081,13150,08081,1.0704159653967049e-06
Green County,740863433,7102447,37.2780653,-85.5379248,05000US21087,11000,21087,1.4847540734271872e-05
Franklin County,995658281,17155846,39.409762,-85.0669641,05000US18047,22750,18047,2.284920482673111e-05
Beaufort County,2156776424,336988229,35.4823128,-76.8420144,05000US37013,47160,37013,2.1865966020036575e-05
Jayuya Municipio,115340542,3091,18.2111522,-66.58687,05000US72073,14239,72073,0.00012345182147661488
Burleigh County,4228659158,92691317,46.9788291,-100.4695326,05000US38015,95509,38015,2.258611924758964e-05
Rowan County,1325058763,31968195,35.641355,-80.5217214,05000US37159,140978,37159,0.00010639377206246966
Iron County,3019919276,116800609,46.1702542,-88.5405261,05000US26071,11099,26071,3.6752638019851494e-06
Kandiyohi County,2065187146,168286642,45.1527137,-95.0049812,05000US27067,42909,27067,2.077729375911969e-05
Wolfe County,575419135,1505160,37.7438929,-83.4951095,05000US21237,7188,21237,1.2491763938298645e-05
Fayette County,2460316903,25574662,29.8778861,-96.9212309,05000US48149,25247,48149,1.0261686195471381e-05
Lawrence County,2072127354,667509,44.3485137,-103.8063624,05000US46081,25806,46081,1.2453867736548398e-05
Washington County,6637440977,1799875488,44.9670088,-67.6093542,05000US23029,31378,23029,4.7274243354827195e-06
Briscoe County,2330991073,4068657,34.5251725,-101.205893,05000US48045,1348,48045,5.782947929805306e-07
Ontonagon County,3395416183,6292279424,46.8353252,-89.2769121,05000US26131,5802,26131,1.7087743261191848e-06
Carroll County,1627517127,16050556,33.4407948,-89.918887,05000US28015,9972,28015,6.12712446128378e-06
Benton County,1748712468,7740248,44.4938816,-123.4246641,05000US41003,92168,41003,5.2706206244078775e-05
Rock County,1249562287,698231,43.6695866,-96.2632376,05000US27133,9386,27133,7.5114302805459105e-06
Indiana County,2142965919,18089072,40.6514319,-79.0875451,05000US42063,84463,42063,3.941406592196952e-05
Lincoln Parish,1221532395,1897706,32.6018231,-92.6623026,05000US22061,47118,22061,3.857286158997036e-05
Perry County,1428247558,10591170,40.3977795,-77.2663284,05000US42099,46133,42099,3.230042280947488e-05
Ziebach County,5079608331,24212305,44.9897638,-101.6608274,05000US46137,2767,46137,5.44727037931933e-07
Harrison County,2331141022,40649337,32.5479914,-94.3744344,05000US48203,66547,48203,2.8546964500202596e-05
Baraga County,2326914269,441619528,46.6958592,-88.3618101,05000US26013,8337,26013,3.582856537118085e-06
Rogers County,1750176503,92946097,36.3777941,-95.6013835,05000US40131,92052,40131,5.259583810102152e-05
Boone County,1775575888,14220423,38.9898614,-92.3102022,05000US29019,179704,29019,0.00010120885354126864
Mayagüez Municipio,201174435,508705765,18.0838502,-67.886337,05000US72097,73336,72097,0.00036453936107736553
Caddo County,3309366441,32099077,35.1679202,-98.3810447,05000US40015,29179,40015,8.817095513660587e-06
Jefferson County,1979735379,25071495,39.5795106,-105.245462,05000US08059,578795,08059,0.0002923597800693746
Cabell County,727845449,18114546,38.4195778,-82.2433966,05000US54011,93328,54011,0.00012822502377149574
Reagan County,3044049120,1792716,31.3751911,-101.5143954,05000US48383,3766,48383,1.237167946882539e-06
Van Buren County,1837758471,37208243,35.5829532,-92.5159757,05000US05141,16578,05141,9.020771914047676e-06
Summit County,1575563237,28310936,39.6210227,-106.1375545,05000US08117,30735,08117,1.950730968978556e-05
Cowley County,2915648171,17322935,37.2345068,-96.8372468,05000US20035,35090,20035,1.2035059767847415e-05
Johnson County,1711970418,59529094,35.5733586,-93.4663223,05000US05071,26475,05071,1.546463637551008e-05
Hamilton County,4447989312,234204424,43.6578786,-74.5024556,05000US36041,4454,36041,1.0013513269880808e-06
Craig County,849770438,2793174,37.4736031,-80.2310507,05000US51045,5103,51045,6.00515124062247e-06
Coleman County,3270933224,47963343,31.9142052,-99.3466223,05000US48083,8281,48083,2.5316933831725326e-06
Yukon-Koyukuk Census Area,377038917450,5944775428,65.3757271,-151.5778496,05000US02290,5305,02290,1.4070165583645641e-08
Navajo County,25769061034,24125807,35.3907852,-110.3210248,05000US04017,110271,04017,4.27920132031614e-06
Lincoln County,1518269755,5291052,31.5352155,-90.4535663,05000US28085,34197,28085,2.2523665433880688e-05
Ochiltree County,2376792063,1331778,36.2787442,-100.8158636,05000US48357,9907,48357,4.168223276332945e-06
Crane County,2033319687,1695980,31.4227965,-102.4877739,05000US48103,4739,48103,2.330671379566493e-06
Big Horn County,8124681751,55228616,44.5251167,-107.9948477,05000US56003,11809,56003,1.453472315829051e-06
Hickman County,1586324712,373710,35.8023275,-87.4671159,05000US47081,25017,47081,1.5770415609588008e-05
Tunica County,1176191638,57012297,34.6522011,-90.3717697,05000US28143,9807,28143,8.337926986690582e-06
Harrison County,1871309888,10070644,40.34562,-93.9925818,05000US29081,8427,29081,4.50326268996875e-06
Canóvanas Municipio,85130271,362179,18.3300439,-65.8860206,05000US72029,45120,72029,0.0005300112341942386
Bartholomew County,1053968848,6715105,39.205843,-85.8979988,05000US18005,83280,18005,7.901561811625764e-05
Paulding County,808983871,5212122,33.9210299,-84.8671693,05000US13223,164440,13223,0.00020326734054256564
Brown County,1267911780,8879057,38.9313769,-83.8667723,05000US39015,43508,39015,3.431469025392287e-05
Putnam County,1038860592,3777708,36.1409404,-85.4961801,05000US47141,78542,47141,7.56039844083334e-05
Ward County,5213719156,111244414,48.2166858,-101.5405369,05000US38101,68962,38101,1.3227026223811431e-05
Worcester County,3912627580,177366263,42.3116934,-71.940282,05000US25027,826655,25027,0.00021127873356144978
Logan County,1187523861,21593253,40.3875532,-83.766343,05000US39091,45315,39091,3.8159233248450914e-05
Kings County,3602601923,3164290,36.072478,-119.8155301,05000US06031,151090,06031,4.1939132668363924e-05
San Diego County,10904455257,817317026,33.0236041,-116.7761174,05000US06073,3323970,06073,0.0003048267814998106
Salinas Municipio,179755401,115816412,17.9714853,-66.2622515,05000US72123,27638,72123,0.00015375337734636413
Crawford County,841524044,3986929,32.7094283,-83.9791874,05000US13079,12267,13079,1.4577123597908749e-05
Naguabo Municipio,133799721,53351779,18.2110697,-65.735749,05000US72103,25931,72103,0.00019380458947294816
Cass County,1804223313,14963188,38.6464737,-94.3545467,05000US29037,104687,29037,5.8023305233724137e-05
Dutchess County,2060721458,76913171,41.7547699,-73.7400411,05000US36027,293524,36027,0.00014243749384978743
Washington County,1564855485,45471320,30.2150752,-96.4102717,05000US48477,35275,48477,2.254201767391958e-05
Pueblo County,6181242644,28941441,38.1627652,-104.4846683,05000US08101,167412,08101,2.7083874496093962e-05
Douglas County,2107274104,2520175,36.9465168,-92.5158918,05000US29067,13335,29067,6.328080421378348e-06
Bottineau County,4322321796,74690378,48.7944116,-100.8312572,05000US38009,6418,38009,1.4848501113312296e-06
Cumberland County,1690112815,15336702,35.0501921,-78.8287187,05000US37051,334562,37051,0.00019795246626776213
Hot Springs County,5191453508,5100561,43.7202092,-108.4350765,05000US56017,4550,56017,8.764404791429753e-07
Alcona County,1747349242,2890404966,44.6575092,-83.2945804,05000US26001,10396,26001,5.949583374701232e-06
Placer County,3644306224,246466621,39.0620323,-120.7227181,05000US06061,391799,06061,0.00010750990062793362
Searcy County,1724501452,6461828,35.8963868,-92.6958884,05000US05129,7898,05129,4.579874369395428e-06
Lynn County,2309924847,4169718,33.1784124,-101.8184933,05000US48305,5886,48305,2.5481348484754404e-06
Otsego County,2594487152,36314099,42.6297762,-75.028841,05000US36077,59593,36077,2.296908657036973e-05
Richmond County,1226849523,15575098,35.004636,-79.7556946,05000US37153,44759,37153,3.6482876800205595e-05
Hoke County,1010491623,3949309,35.0172328,-79.2419635,05000US37093,54590,37093,5.402320885939695e-05
Otoe County,1594561690,8689332,40.6379916,-96.1310274,05000US31131,15965,31131,1.0012155754224849e-05
Cameron County,1026239931,5653230,41.4382909,-78.1983225,05000US42023,4512,42023,4.396632662308674e-06
Dorchester County,1472652734,6706075,33.0821859,-80.4046966,05000US45035,161309,45035,0.00010953634640113329
Waseca County,1096505122,24893714,44.0184598,-93.5898443,05000US27161,18658,27161,1.701588038728742e-05
Brule County,2116594503,75770744,43.7298732,-99.092909,05000US46015,5233,46015,2.4723677551760137e-06
Warren County,1120619165,3524883,35.6782498,-85.7773428,05000US47177,40971,47177,3.6561038111462246e-05
Clark County,1298554904,8771353,39.3323343,-87.7916832,05000US17023,15602,17023,1.201489436599132e-05
Robertson County,258794976,484952,38.5134727,-84.06423,05000US21201,2139,21201,8.265230001992002e-06
Lake County,429381241,72799687,36.3339054,-89.4855365,05000US47095,7273,47095,1.6938327308062346e-05
Berkeley County,2858362692,337375088,33.2077,-79.9536554,05000US45015,222103,45015,7.7702875363446e-05
Garland County,1755088398,147363106,34.5788522,-93.1469323,05000US05051,99043,05051,5.643191540258817e-05
Osage County,1827253334,37137002,38.6502149,-95.7082554,05000US20139,15855,20139,8.676957762223463e-06
Trumbull County,1600873954,47856112,41.3063744,-80.7703998,05000US39155,199144,39155,0.00012439705168693126
Mills County,1937892798,4023558,31.4948885,-98.5946231,05000US48333,4877,48333,2.516651078446291e-06
Oldham County,3886337114,2339716,35.4019206,-102.5976203,05000US48359,2110,48359,5.42927681800689e-07
Butler County,2044759924,15994811,40.9138467,-79.9189776,05000US42019,187798,42019,9.184354495398453e-05
Idaho County,21956620029,67533572,45.849644,-115.4673371,05000US16049,16511,16049,7.51982772311608e-07
Marion County,2445722726,24432825,38.3596474,-97.1027707,05000US20115,11865,20115,4.851326715766062e-06
Buckingham County,1501215440,9911855,37.573928,-78.5291687,05000US51029,17087,51029,1.1382110485088003e-05
Cabarrus County,935587407,6985702,35.3883455,-80.5527284,05000US37025,211605,37025,0.00022617341620546203
Webster County,1534731572,3109281,37.2808043,-92.8760795,05000US29225,39127,29225,2.549436052130685e-05
Davis County,774579558,870614815,41.0375594,-112.2019434,05000US49011,350761,49011,0.0004528405073142919
Cottonwood County,1657522317,22249932,44.0106386,-95.1831523,05000US27033,11279,27033,6.804734925327705e-06
Okeechobee County,1992126184,317924583,27.3855924,-80.8873884,05000US12093,41611,12093,2.088773308347821e-05
Union County,834197317,18082752,34.833333,-83.9892568,05000US13291,23999,13291,2.8768972892776638e-05
Black Hawk County,1465303205,17928724,42.4711317,-92.3076003,05000US19013,131813,19013,8.995612617935958e-05
Sabine County,1273523415,219936062,31.3432997,-93.8519129,05000US48403,10470,48403,8.221285825357204e-06
Pike County,1140325072,9566957,39.0713413,-83.0529107,05000US39131,27914,39131,2.4478984708318333e-05
Tuscaloosa County,3420981170,78702314,33.2902197,-87.5227834,05000US01125,208854,01125,6.105090604751853e-05
Wilcox County,2299540559,50592191,31.9900824,-87.3049349,05000US01131,10552,01131,4.588742720236578e-06
Montgomery County,1054074828,2352156,33.5007144,-89.6396251,05000US28097,9956,28097,9.445249744641468e-06
Kearney County,1337063561,274634,40.5091198,-98.9476019,05000US31099,6588,31099,4.927215273949119e-06
Hitchcock County,1838742669,22103381,40.1768964,-101.044217,05000US31087,2788,31087,1.5162534959371197e-06
New Castle County,1104206946,175316802,39.5759152,-75.6441324,05000US10003,558306,10003,0.0005056171780321331
Teton County,1163139971,2868473,43.7609939,-111.2117653,05000US16081,11776,16081,1.012431890710082e-05
Rock Island County,1107209787,61633885,41.4684205,-90.5721252,05000US17161,142801,17161,0.00012897375156601645
Gloucester County,564124714,181747503,37.4035413,-76.5235051,05000US51073,37362,51073,6.623003579311365e-05
Sevier County,1459650889,45919661,33.9948773,-94.2432792,05000US05133,16947,05133,1.1610310470615553e-05
Cass County,1067448391,7002041,40.7537986,-86.3551685,05000US18017,37727,18017,3.534316067932506e-05
Power County,3635892401,99205466,42.694126,-112.844407,05000US16077,7635,16077,2.099897125090969e-06
Carroll County,964057413,7236323,40.5849801,-86.5651412,05000US18015,20137,18015,2.0887760135920454e-05
Philadelphia County,347981634,21606282,40.0093755,-75.1333459,05000US42101,1581531,42101,0.004544869169733251
Washakie County,5798152471,10415890,43.8788305,-107.669052,05000US56043,7933,56043,1.3681944446403642e-06
Camden County,622452109,181109482,36.3423438,-76.1624876,05000US37029,10654,37029,1.7116176242243242e-05
Tompkins County,1229316849,43785776,42.4530063,-76.4734835,05000US36109,102237,36109,8.316570303511719e-05
Jefferson County,2259419628,113071689,34.277239,-91.929673,05000US05069,68123,05069,3.0150663097629778e-05
Lincoln County,1448998822,26693160,33.9563846,-91.742355,05000US05079,13278,05079,9.163568526351776e-06
Vernon County,2050136139,64289089,43.5993661,-90.8219835,05000US55123,30759,55123,1.5003393879492995e-05
Iron County,1425174278,4665920,37.6259709,-90.6995869,05000US29093,10150,29093,7.121936002271857e-06
Hopkins County,1987636011,65632971,33.1489673,-95.5654337,05000US48223,36708,48223,1.846817012614489e-05
Albany County,1354273421,26971925,42.5882401,-73.9740095,05000US36001,306165,36001,0.0002260732546710743
Houston County,3188278907,14435337,31.3230362,-95.4215995,05000US48225,22942,48225,7.195731825603424e-06
Monroe County,1180317743,4495411,39.7262526,-81.0909834,05000US39111,13827,39111,1.1714642164792062e-05
Rush County,1858997559,544720,38.5235962,-99.3091835,05000US20165,2953,20165,1.5884905204439808e-06
Montgomery County,1307030255,2067987,40.0402962,-86.8927145,05000US18107,38295,18107,2.929924525733339e-05
Stanton County,1762103387,178555,37.5659319,-101.7893829,05000US20187,2030,20187,1.1520322899192066e-06
Lee County,540942120,6215041,37.608116,-83.7192475,05000US21129,7088,21129,1.3103065444413906e-05
Koochiching County,8040895433,132735376,48.2453743,-93.7828956,05000US27071,12355,27071,1.5365204165315752e-06
Bexar County,3212413223,40802184,29.4486708,-98.5201465,05000US48029,1978826,48029,0.0006159936043819478
Boulder County,1881324131,36486613,40.0949619,-105.3977045,05000US08013,324682,08013,0.0001725816379272286
Jefferson County,712435044,101640417,36.0483379,-83.4411426,05000US47089,54162,47089,7.602377291255201e-05
Mayes County,1697465421,72894996,36.303804,-95.2356382,05000US40097,41098,40097,2.421139157921026e-05
Watonwan County,1126508687,12387832,43.9781089,-94.613798,05000US27165,10903,27165,9.678576051673182e-06
Blaine County,6831709646,44656616,43.394192,-113.9553713,05000US16013,22729,16013,3.326985656263647e-06
Jefferson Davis Parish,1687430131,18666917,30.2695293,-92.8162205,05000US22053,31425,22053,1.8622993285877267e-05
Sully County,2607411018,164375674,44.7223248,-100.1313985,05000US46119,1278,46119,4.901413667340727e-07
Denver County,396463432,4275563,39.7618502,-104.8811054,05000US08031,715878,08031,0.0018056595948551441
Coal County,1338430448,12080006,34.5828612,-96.288039,05000US40029,5577,40029,4.1668209269548835e-06
Carter County,8651796246,19503322,45.5168247,-104.5153243,05000US30011,1305,30011,1.5083572970218098e-07
Upton County,3215010598,464309,31.3538163,-102.0415461,05000US48461,3651,48461,1.1356105644787676e-06
Gibson County,1262317070,30903211,38.3173981,-87.5805231,05000US18051,33711,18051,2.6705651694942222e-05
Kimball County,2465517096,1448446,41.1992736,-103.7031528,05000US31105,3576,31105,1.450405679928816e-06
Kendall County,829412776,5136525,41.5881403,-88.4306257,05000US17093,127583,17093,0.0001538232876219886
District of Columbia,158316124,18709762,38.9042474,-77.0165167,05000US11001,701974,11001,0.004434001934003892
Montrose County,5804023554,4923260,38.4075069,-108.2662815,05000US08085,42280,08085,7.2846017261355865e-06
Wright County,1712395099,137650955,45.1750914,-93.9663964,05000US27171,136387,27171,7.964692265216534e-05
Kenosha County,704054452,1248862087,42.5858816,-87.8763984,05000US55059,168998,55059,0.00024003541135196173
Eagle County,4362754513,18970351,39.6269919,-106.6951694,05000US08037,54960,08037,1.259754584775098e-05
San Francisco County,121507089,479146790,37.7272391,-123.0322294,05000US06075,874784,06075,0.007199448256060188
San Miguel County,3332602595,5207582,38.009319,-108.4272635,05000US08113,8110,08113,2.433533482860413e-06
Anchorage Municipality,4420591349,621302197,61.1742503,-149.2843294,05000US02020,292090,02020,6.60748702922008e-05
St. Johns County,1555661651,572103225,29.8904875,-81.4000404,05000US12109,255410,12109,0.00016418094502478677
Choctaw County,1083124493,4295928,33.3459638,-89.2513319,05000US28019,8206,28019,7.5762297437031555e-06
Grundy County,1127403258,7116081,40.1125409,-93.5650538,05000US29079,9885,29079,8.767936343856121e-06
Lake County,1470054605,17489708,43.9951867,-85.8113997,05000US26085,11805,26085,8.030313948780155e-06
Ottawa County,1459508868,2765824533,43.054969,-86.2193493,05000US26139,289162,26139,0.00019812281126886582
Cook County,2447350649,1786331385,41.8942937,-87.6454546,05000US17031,5169517,17031,0.002112291102262886
Gallatin County,836413648,13357002,37.7686768,-88.2279642,05000US17059,4983,17059,5.957578540134008e-06
Greenwood County,1180009081,21260069,34.1557959,-82.1278759,05000US45047,70672,45047,5.9891064516307735e-05
Franklin County,1480882204,13893465,38.5580187,-95.2789618,05000US20059,25643,20059,1.73160295469389e-05
Clay County,2706993098,19303394,46.8983772,-96.4949007,05000US27027,64029,27027,2.3653181844943145e-05
Haywood County,1380741528,2472509,35.5866782,-89.2826913,05000US47075,17391,47075,1.2595405908585087e-05
Box Elder County,14881028167,2547651538,41.6226233,-113.060252,05000US49003,54953,49003,3.69282279310936e-06
Tippah County,1185754676,5522228,34.7636183,-88.9188185,05000US28139,21976,28139,1.853334458197827e-05
Marshall County,791063472,17411505,39.8544259,-80.6717944,05000US54051,30900,54051,3.906134095899703e-05
Jackson County,1202685109,18828941,38.8342339,-81.6777168,05000US54035,28793,54035,2.3940597405367892e-05
Elmore County,7964417374,68330393,43.3946984,-115.471205,05000US16039,27043,16039,3.3954775007500757e-06
Baltimore County,1549740654,215957832,39.4431666,-76.6165693,05000US24005,828193,24005,0.0005344074815759463
Benson County,3596341058,131678182,48.071743,-99.3511517,05000US38005,6860,38005,1.907494280816344e-06
Pike County,1736428525,36976721,39.3399592,-91.1716071,05000US29163,18158,29163,1.045709612493264e-05
Lawrence County,1174282178,10029914,38.6038659,-82.5171856,05000US39087,59901,39087,5.101073755715298e-05
Scott County,1087808789,15175233,37.0477927,-89.5680975,05000US29201,38538,29201,3.5427182046788924e-05
Adams County,1512221266,6250108,38.8344683,-83.4780816,05000US39001,27685,39001,1.830750606571618e-05
Erath County,2805419702,17166728,32.2366609,-98.2205073,05000US48143,42226,48143,1.5051580328567892e-05
Habersham County,717083984,5669790,34.6343924,-83.5258749,05000US13137,45204,13137,6.30386412311783e-05
Wilkinson County,1163459876,7084800,32.8042663,-83.1755122,05000US13319,8945,13319,7.68827544852952e-06
Monongalia County,932632923,14991505,39.6336448,-80.0590736,05000US54061,106196,54061,0.00011386687879128196
Crawford County,1040619652,2359514,40.8485244,-82.9247827,05000US39033,41603,39033,3.997906432003458e-05
DeSoto County,1649031791,6243548,27.1905809,-81.8062531,05000US12027,37371,12027,2.2662389047901626e-05
New London County,1722511318,276863144,41.4726517,-72.1086339,05000US09011,266868,09011,0.00015492960609969124
Guernsey County,1352631217,15666081,40.0566648,-81.497875,05000US39059,38996,39059,2.8829735340937353e-05
Barry County,1432533250,61999499,42.5828109,-85.3145503,05000US26015,61045,26015,4.2613321540704205e-05
Stone County,1201303092,121184921,36.7458225,-93.4578424,05000US29209,31875,29209,2.653368680416249e-05
Richmond city,155205067,6849165,37.531399,-77.4760085,05000US51760,229233,51760,0.0014769685322193766
Stokes County,1163797562,17578802,36.3937966,-80.2699209,05000US37169,45688,37169,3.925768663880394e-05
Clarke County,1116573604,1524746,41.0297257,-93.7852594,05000US19039,9383,19039,8.403386902920195e-06
Fayette County,1892806735,1354955,42.8641219,-91.8403761,05000US19065,19604,19065,1.0357106004274653e-05
Marin County,1347889807,797077678,38.0513667,-122.7463958,05000US06041,259441,06041,0.00019247938418455598
Randall County,2363909277,25203161,34.962529,-101.8955472,05000US48381,136005,48381,5.753393386255576e-05
Rusk County,2393663219,37217198,32.1094232,-94.7563823,05000US48401,53988,48401,2.255455135520466e-05
Warren County,1475870257,9099930,41.3324459,-93.5687512,05000US19181,50867,19181,3.4465766728978806e-05
Van Wert County,1059692855,3287921,40.8555203,-84.5857751,05000US39161,28213,39161,2.662375221922205e-05
Glades County,2089659345,467293938,26.9548102,-81.1908197,05000US12043,13777,12043,6.592940630713184e-06
Meriwether County,1297342106,10832501,33.0292666,-84.6670579,05000US13199,21080,13199,1.6248605439157773e-05
Costilla County,3179452300,8828906,37.2775474,-105.4289399,05000US08023,3810,08023,1.1983195973721637e-06
Coryell County,2725308519,11833644,31.3911774,-97.7980223,05000US48099,75576,48099,2.7731172259253485e-05
Adair County,1474404201,2597996,41.3285283,-94.4781643,05000US19001,7048,19001,4.780235972754123e-06
Chattahoochee County,644225830,6277089,32.3474454,-84.7880206,05000US13053,10470,13053,1.6252064900905945e-05
Mariposa County,3752476985,36220865,37.5743432,-119.9117215,05000US06043,17319,06043,4.615351425000146e-06
Howard County,1201239501,19852372,39.143365,-92.6959255,05000US29089,10022,29089,8.343048985366325e-06
Marion County,3059028016,26557042,44.9008984,-122.5762602,05000US41047,343742,41047,0.00011236968023897955
Milwaukee County,625435295,2455388924,42.9126431,-87.8623115,05000US55079,949180,55079,0.0015176310124934667
Scott County,922742777,31378277,44.651805,-93.5337311,05000US27139,147201,27139,0.00015952549688720024
Pickaway County,1298175095,13790234,39.648947,-83.0528267,05000US39129,58112,39129,4.4764377489463394e-05
Powhatan County,673921283,5444168,37.5494041,-77.9128553,05000US51145,29253,51145,4.340714670677643e-05
Broomfield County,85386686,1502572,39.9535933,-105.0507868,05000US08014,69444,08014,0.0008132883854984137
Lawrence County,1598359119,2218403,35.2204764,-87.396546,05000US47099,43780,47099,2.739059043714193e-05
Antrim County,1232002675,326536774,45.0054553,-85.175639,05000US26009,23301,26009,1.8913108285255955e-05
Marlboro County,1242867261,14489019,34.60167,-79.6794351,05000US45069,26376,45069,2.122189619732851e-05
Benewah County,2012242914,18803193,47.2184513,-116.6335414,05000US16009,9231,16009,4.587418316037365e-06
Lee County,1877189070,9732924,41.7474465,-89.2993616,05000US17103,34204,17103,1.8220860405925972e-05
Nemaha County,1055100613,5769944,40.3873891,-95.8527214,05000US31127,6978,31127,6.613587286390857e-06
Carteret County,1314689449,2131061128,34.8583428,-76.5358602,05000US37031,69301,37031,5.2712828913864664e-05
Pottawatomie County,2177507162,54149295,39.3821868,-96.3371126,05000US20149,24203,20149,1.1115003625416319e-05
Jackson County,1817904856,55933446,42.2484738,-84.4208679,05000US26075,158174,26075,8.700895400435633e-05
Comal County,1449171061,39766953,29.8123773,-98.2581288,05000US48091,148921,48091,0.00010276288563010437
Nantucket County,119637319,666826424,41.2933918,-70.1021635,05000US25019,11212,25019,9.371657684839962e-05
Bamberg County,1018815104,5686290,33.2030211,-81.0531607,05000US45009,14236,45009,1.397309476872459e-05
Aransas County,652856780,714538201,28.1226209,-96.9675012,05000US48007,24220,48007,3.709848889062621e-05
Berrien County,1174239566,11671125,31.2886522,-83.2278695,05000US13019,19206,13019,1.6356117232043603e-05
Vermillion County,665275343,7895064,39.8540452,-87.4620713,05000US18165,15485,18165,2.327607683485122e-05
Roscommon County,1346526239,155723123,44.3395168,-84.6112715,05000US26143,23863,26143,1.7721897508452488e-05
Alleghany County,608220280,3687222,36.4893563,-81.1322987,05000US37005,11085,37005,1.822530481883965e-05
Lassen County,11762017378,463024232,40.7152866,-120.6212225,05000US06035,30600,06035,2.601594523847166e-06
Falls Church city,5300262,32,38.884722,-77.1756027,05000US51610,14309,51610,0.002699677864981014
Manatee County,1923744062,573084803,27.4755558,-82.3931438,05000US12081,393847,12081,0.0002047294168594034
Muskingum County,1721165826,20823924,39.9660457,-81.9435064,05000US39119,86033,39119,4.9985305715685294e-05
Chaffee County,2624715692,3999975,38.7345986,-106.3000246,05000US08015,19977,08015,7.611110056944027e-06
Crowley County,2039427872,33422981,38.3061801,-103.7727363,05000US08025,5733,08025,2.8110824995138638e-06
Fremont County,3972705319,2235542,38.4551697,-105.4249582,05000US08043,47725,08043,1.201322428113375e-05
Pearl River County,2101307249,20783013,30.7747929,-89.5869043,05000US28109,55512,28109,2.6417840621079017e-05
Perry County,1676452290,7561701,31.1693073,-88.9887554,05000US28111,11981,28111,7.146639407197207e-06
Custer County,6670757181,932956,41.3938927,-99.7268662,05000US31041,10788,31041,1.6172077182972493e-06
Calhoun County,1469394597,18070425,30.3888013,-85.1979155,05000US12013,14324,12013,9.748232387164549e-06
Kenton County,415150789,10405456,38.9305031,-84.5334381,05000US21117,166552,21117,0.000401184351356249
Chickasaw County,1306192614,3455451,43.0597409,-92.3172101,05000US19037,11970,19037,9.164038956968103e-06
DeKalb County,1635154200,8561739,41.8946125,-88.768991,05000US17037,104588,17037,6.396216332380151e-05
Hancock County,1478895055,5265568,43.0754105,-93.7436965,05000US19081,10709,19081,7.241216990883778e-06
Stark County,3457408932,14023939,46.8170312,-102.6620262,05000US38089,31164,38089,9.013686437714103e-06
Luce County,2328593560,2624711552,46.5109878,-85.5175518,05000US26095,6286,26095,2.699483545767429e-06
Carter County,2129498353,29985414,34.2518484,-97.2879273,05000US40019,48380,40019,2.2718965681209898e-05
Pasquotank County,587622471,161739148,36.265199,-76.2606906,05000US37139,39775,37139,6.768801732907182e-05
Taos County,5704119616,3383128,36.5771832,-105.6388781,05000US35055,32759,35055,5.743042258109617e-06
Bolivar County,2270141682,81446732,33.7991391,-90.8841199,05000US28011,31253,28011,1.3766982143804363e-05
Nye County,47090939212,43207981,37.9658636,-116.4590107,05000US32023,45514,32023,9.665128952960413e-07
Hawkins County,1261468092,32541837,36.4520892,-82.931485,05000US47073,56735,47073,4.497537461296326e-05
Bowman County,3009070657,13583664,46.1101438,-103.5059433,05000US38011,3091,38011,1.0272274573577751e-06
Fulton County,1133252795,1305486,39.9107505,-78.1226171,05000US42057,14492,42057,1.2787967577878331e-05
Lafayette Parish,696257611,1149127,30.2065065,-92.06417,05000US22055,243692,22055,0.00035000263717045385
Jack County,2359405674,23704615,33.2321604,-98.1711775,05000US48237,8888,48237,3.7670503627007894e-06
Stark County,746156213,684784,41.0969077,-89.7974111,05000US17175,5393,17175,7.227709032022762e-06
Greer County,1655740225,11148547,34.9338533,-99.5529675,05000US40055,5790,40055,3.496925370645024e-06
Hemphill County,2347270019,15205586,35.8159564,-100.2792102,05000US48211,3901,48211,1.6619306549409816e-06
Nez Perce County,2197139835,21252880,46.3337914,-116.7609091,05000US16069,40468,16069,1.8418490874068558e-05
Walworth County,1835374267,93215243,45.4276046,-100.0278563,05000US46129,5431,46129,2.9590694920645304e-06
Napa County,1938032964,104262608,38.5070999,-122.3259045,05000US06055,138572,06055,7.150136379207634e-05
Cotton County,1638527162,23982249,34.290676,-98.3734379,05000US40033,5783,40033,3.529389157602503e-06
Washington County,1968043965,6791224,37.9426107,-90.8970179,05000US29221,24819,29221,1.2610998758861569e-05
Cayuga County,1791190744,445707952,43.0085456,-76.5745866,05000US36011,76958,36011,4.296471509680825e-05
Shackelford County,2367989254,3268209,32.7438198,-99.3470045,05000US48417,3291,48417,1.3897867122668962e-06
San Jacinto County,1474332269,151949232,30.5743884,-95.1631363,05000US48407,28574,48407,1.9380977138471625e-05
Dubuque County,1575487976,21138781,42.4634808,-90.8787708,05000US19061,97193,19061,6.169072787642779e-05
Goochland County,730451418,21934893,37.7188141,-77.9176263,05000US51075,23472,51075,3.213355388407227e-05
Sherman County,2735193250,548248,39.3513521,-101.719859,05000US20181,5904,20181,2.158531211642907e-06
Richland County,1282631596,12560134,40.774159,-82.5427812,05000US39139,121043,39139,9.437082352990781e-05
Adams County,2214826188,41754317,39.9860525,-91.1949607,05000US17001,65670,17001,2.9650182192987506e-05
Champaign County,1111077538,2173115,40.1327753,-83.7676037,05000US39021,38861,39021,3.4975956826516276e-05
Sullivan County,1393091317,36932078,43.3611883,-72.2220839,05000US33019,43173,33019,3.0990789672691644e-05
Iroquois County,2894039688,4241183,40.7488665,-87.833601,05000US17075,27437,17075,9.480519605092576e-06
Poweshiek County,1514945164,2961952,41.6846421,-92.5229344,05000US19157,18391,19157,1.2139713328924161e-05
Wayne County,1436897054,5040384,40.8296612,-81.8871942,05000US39169,116063,39169,8.077335789429491e-05
Fayette County,503907543,12814102,33.4127172,-84.4939407,05000US13113,113544,13113,0.00022532704972824747
Hancock County,1220057418,17479620,33.2692195,-83.0004653,05000US13141,8500,13141,6.96688522572468e-06
Kendall County,1715747612,1496797,29.9435246,-98.7092693,05000US48259,45491,48259,2.6513806390773517e-05
Greene County,1676140499,28201061,42.2798211,-74.1420253,05000US36039,47335,36039,2.8240472697987114e-05
Orange County,883388069,6487125,38.2493265,-78.0110923,05000US51137,36501,51137,4.131932644428776e-05
McCurtain County,4793464447,133974862,34.1170728,-94.7660863,05000US40089,32913,40089,6.866223868750852e-06
Tift County,675702087,20458524,31.4570027,-83.5259307,05000US13277,40590,13277,6.00708519048869e-05
Cass County,1443520764,22130994,40.9098778,-96.1406086,05000US31025,26022,31025,1.8026758359812552e-05
Kingsbury County,2155483577,81655106,44.3629687,-97.499313,05000US46077,4936,46077,2.289973374267096e-06
Converse County,11020385628,26068678,42.9846234,-105.5247521,05000US56009,13842,56009,1.256035901759281e-06
Herkimer County,3655871582,120356396,43.571009,-74.8410968,05000US36043,61738,36043,1.6887354660916533e-05
Logan County,2570819037,47710154,46.469278,-99.5045846,05000US38047,1743,38047,6.779940458329506e-07
Gogebic County,2854517939,970153215,46.4880535,-89.788314,05000US26053,14715,26053,5.154985995693195e-06
Becker County,3405986095,336933307,46.9376289,-95.7417568,05000US27005,34227,27005,1.0049072146901997e-05
Marshall County,1465531833,148495463,34.3095637,-86.3216681,05000US01095,96137,01095,6.559871156343555e-05
Union County,579077905,61005196,36.2841401,-83.8360878,05000US47173,19678,47173,3.398161081625105e-05
Mineral County,849209714,3466312,39.4047806,-78.9566899,05000US54057,27047,54057,3.184961212066399e-05
Ashland County,2706458787,3230728318,46.5444245,-90.6796907,05000US55003,15524,55003,5.735908514316498e-06
Ford County,1257690127,1640595,40.5965386,-88.2245882,05000US17053,13155,17053,1.0459651163342559e-05
Emmons County,3910888908,117348492,46.2842552,-100.2378424,05000US38029,3262,38029,8.340814778265239e-07
Shasta County,9778551576,186157964,40.7605142,-122.0435558,05000US06089,179267,06089,1.833267418049767e-05
Vermilion Parish,3039634850,954699331,29.7897222,-92.2915678,05000US22113,59787,22113,1.9669138876993727e-05
Randolph County,1688445990,10370823,36.3412985,-91.0284409,05000US05121,17934,05121,1.0621601227528753e-05
Oneida County,2885102826,317602310,45.7161762,-89.5345333,05000US55085,35480,55085,1.2297655279479457e-05
East Carroll Parish,1090092484,56411688,32.7301699,-91.2341409,05000US22035,6947,22035,6.372853773386809e-06
East Feliciana Parish,1174022934,6150603,30.8397837,-91.0434338,05000US22037,19228,22037,1.6377874267318187e-05
St. Bernard Parish,977762466,4604191570,29.9181102,-89.2634941,05000US22087,46694,22087,4.7755975120444026e-05
Wharton County,2813095080,21310003,29.2784805,-96.2296745,05000US48481,41672,48481,1.481357679527846e-05
Prince of Wales-Hyder Census Area,13643344240,14612163807,55.6827733,-133.1623885,05000US02198,6338,02198,4.645488590266634e-07
Petersburg Borough,7512659846,2385852278,57.1124581,-133.0085979,05000US02195,3278,02195,4.363301503322183e-07
Floyd County,2569637283,983737,34.0737305,-101.3032742,05000US48153,5782,48153,2.250123018626828e-06
Wrangell City and Borough,6619997018,2384375227,56.1807793,-132.0267878,05000US02275,2510,02275,3.791542493410833e-07
Madison County,1132745819,15290482,37.7255107,-84.2783618,05000US21151,92090,21151,8.129802684356675e-05
Blount County,1447336316,20159163,35.6881849,-83.9229731,05000US47009,131641,47009,9.09539811478067e-05
Gallatin County,6747831014,73615974,45.5180536,-111.1639214,05000US30031,111401,30031,1.6509156759982847e-05
Darlington County,1451917179,14668340,34.3321854,-79.9621155,05000US45031,66858,45031,4.60480810937495e-05
Escambia County,2448595161,20024887,31.1222867,-87.1684097,05000US01053,36775,01053,1.5018815925855699e-05
Haralson County,730804593,2616531,33.7951646,-85.2200629,05000US13143,29608,13143,4.051425002469846e-05
Allen County,1295764235,13021929,37.8842285,-95.3009448,05000US20001,12503,20001,9.649131888564589e-06
Douglas County,1079110222,1448702,39.766078,-88.2228656,05000US17041,19551,17041,1.811770438404762e-05
Greene County,403900921,1680243,38.2979805,-78.4701629,05000US51079,19734,51079,4.8858516962876646e-05
Waushara County,1621749913,29096948,44.1128231,-89.2397862,05000US55137,24256,55137,1.4956683398323697e-05
Izard County,1502652313,9576574,36.0948792,-91.9136252,05000US05065,13596,05065,9.048001245781199e-06
Monterey County,8499623032,1267793988,36.2401044,-121.3155781,05000US06053,432977,06053,5.09407297676493e-05
Grant County,10259478771,15294669,32.732087,-108.3815043,05000US35017,27391,35017,2.669823741672422e-06
Miller County,1534753300,19219023,38.2166802,-92.4298762,05000US29131,25369,29131,1.6529692426789375e-05
Wilkes County,1952020337,6854041,36.2088833,-81.1660949,05000US37193,68341,37193,3.5010393439358924e-05
Juneau City and Borough,7003406836,1426230792,58.3729099,-134.1784454,05000US02110,32099,02110,4.583340758529083e-06
Platte County,1087283057,16949451,39.37869,-94.7614765,05000US29165,102848,29165,9.459174346354227e-05
Buchanan County,1057361277,17942874,39.6603695,-94.8081728,05000US29021,87904,29021,8.313525557641544e-05
Limestone County,1450296914,122310594,34.8102387,-86.9813995,05000US01083,96921,01083,6.682838463241742e-05
Henry County,1014957932,7652084,39.9295911,-85.3973629,05000US18065,48158,18065,4.744827197429105e-05
Polk County,1136152511,5104692,41.1879253,-97.5706627,05000US31143,5208,31143,4.5838916426951415e-06
Ottawa County,659680522,855661999,41.5454953,-83.0126127,05000US39123,40557,39123,6.147975974345958e-05
Norman County,2260512788,10208059,47.3294529,-96.4637757,05000US27107,6466,27107,2.8604129268035796e-06
Shelby County,1530110527,1486125,41.6790143,-95.3089173,05000US19165,11544,19165,7.544553021691615e-06
Carroll County,1159355858,13112464,39.563328,-77.0153297,05000US24013,168233,24013,0.0001451090265677512
Benton County,1854696288,5857896,42.0925474,-92.05763,05000US19011,25558,19011,1.3780153745581875e-05
Martin County,594708782,2558129,37.796774,-82.5066231,05000US21159,11421,21159,1.9204357402611888e-05
Chisago County,1074584696,71183782,45.5054439,-92.9038486,05000US27025,55844,27025,5.19679837316425e-05
Owsley County,511288845,2279907,37.4236223,-83.691637,05000US21189,4416,21189,8.63699656893551e-06
Bradford County,2971943389,35199970,41.7915044,-76.5021231,05000US42015,60721,42015,2.043141206011714e-05
Hancock County,213957099,13879340,40.5169584,-80.5701643,05000US54029,29118,54029,0.00013609270333208247
Cole County,1014104090,19106873,38.5032331,-92.2800271,05000US29051,76630,29051,7.556423522559701e-05
Berrien County,1470545747,2625447844,41.7913818,-86.7425435,05000US26021,153797,26021,0.00010458498167347391
Huntingdon County,2265337347,37851956,40.4223108,-77.9685953,05000US42061,45145,42061,1.992859918183303e-05
Dawes County,3616636214,11875952,42.7130379,-103.1354358,05000US31045,8685,31045,2.401402708511396e-06
Patrick County,1250846155,7141128,36.6671385,-80.286413,05000US51141,17660,51141,1.4118442887167047e-05
Montmorency County,1415881030,41352700,45.0241337,-84.1301067,05000US26119,9270,26119,6.547160251168843e-06
Oscoda County,1465088063,15136485,44.6872574,-84.1269054,05000US26135,8282,26135,5.652902517710296e-06
Colfax County,9733113274,26296498,36.6129638,-104.6401105,05000US35007,12106,35007,1.2437952440498845e-06
St. Clair County,1703461064,41842145,38.4701976,-89.9285459,05000US17163,261186,17163,0.00015332666271026667
Washington County,1457093544,3412705,38.3531405,-89.4171873,05000US17189,13967,17189,9.585520474998412e-06
Bedford County,2621693106,12005858,39.9986336,-78.4947466,05000US42009,48154,42009,1.8367519787039483e-05
Scott County,2312470680,14373451,34.8588693,-94.0636413,05000US05127,10269,05127,4.440704951986678e-06
Labette County,1671560715,20006201,37.1914676,-95.2974732,05000US20099,19938,20099,1.1927774935773123e-05
Lawrence County,925571230,11444141,40.9927352,-80.3344455,05000US42073,86148,42073,9.307549457862903e-05
Harrison County,1042032641,21847163,40.2923175,-81.0915651,05000US39067,15132,39067,1.4521618042097398e-05
Alexander County,673358184,9445988,35.9209506,-81.1774668,05000US37003,37271,37003,5.535092746418599e-05
Cape May County,651437935,955149083,39.0858411,-74.8463541,05000US34009,92701,34009,0.000142302121229707
Cheshire County,1830367250,57589051,42.9254596,-72.2481828,05000US33005,76040,33005,4.154357547645152e-05
Marshall County,4597391841,98012348,48.3627284,-96.357761,05000US27089,9353,27089,2.0344143643769953e-06
King William County,709424849,31090165,37.7082604,-77.0910539,05000US51101,16985,51101,2.394192989425438e-05
Huerfano County,4120756290,5792101,37.6878154,-104.9599278,05000US08055,6769,08055,1.6426596293565324e-06
Karnes County,1936669678,15010315,28.9089957,-97.8522048,05000US48255,15547,48255,8.02769836106248e-06
Chester County,740053474,575590,35.420253,-88.6113533,05000US47023,17260,47023,2.3322638980004303e-05
Scott County,649542036,4814546,39.6370016,-90.4777707,05000US17171,4982,17171,7.670019373465153e-06
Millard County,17574363572,133311815,38.9567436,-113.133092,05000US49027,12963,49027,7.37608502685869e-07
Morgan County,1577739411,4437369,41.0910273,-111.5778846,05000US49029,11950,49029,7.574127841825205e-06
Kaufman County,2022222600,69502488,32.5989442,-96.2883773,05000US48257,129792,48257,6.41828451526553e-05
Greenlee County,4771128170,13746346,33.2388723,-109.2423231,05000US04011,9465,04011,1.983807532045403e-06
Maricopa County,23832530727,62704529,33.3451756,-112.4989296,05000US04013,4412779,04013,0.00018515780176885452
Ogemaw County,1459466627,29641292,44.3332801,-84.1280728,05000US26129,20895,26129,1.4316874132949941e-05
Jackson County,799782676,27782759,36.3542499,-85.6741278,05000US47087,11767,47087,1.4712746791229571e-05
Richland County,932484098,4874777,38.7121872,-88.0854523,05000US17159,15677,17159,1.6812082944496497e-05
Blount County,1670259090,14860281,33.9773575,-86.56644,05000US01009,57755,01009,3.457846770347468e-05
Liberty County,3703651373,44411471,48.5596541,-111.0369242,05000US30051,2455,30051,6.628593657322077e-07
Duval County,4645084668,5478267,27.6811232,-98.4973933,05000US48131,11194,48131,2.409859195272692e-06
Ralls County,1216743023,36381069,39.5534554,-91.5247867,05000US29173,10258,29173,8.430703777292175e-06
Johnson County,1877175836,24227741,32.3798207,-97.3649587,05000US48251,171359,48251,9.128553474518516e-05
Clay County,506093894,56546964,31.6198309,-84.9925826,05000US13061,2931,13061,5.791415456199912e-06
Grant County,11726925905,1893807,44.4963261,-119.0140572,05000US41023,7174,41023,6.117545261321406e-07
Coos County,4133788140,544653413,43.1859095,-124.0941335,05000US41011,64175,41011,1.552450145642926e-05
Franklin County,736569935,26875120,33.1758457,-95.2190662,05000US48159,10767,48159,1.4617756561024989e-05
Warren County,2246082354,166754984,43.5551053,-73.8381388,05000US36113,64187,36113,2.8577313688294084e-05
Madison County,830449706,3205612,38.4120586,-78.2769614,05000US51113,13208,51113,1.590463565050621e-05
Atoka County,2526392908,37288841,34.3924691,-96.0365577,05000US40005,13815,40005,5.468270575116735e-06
Menard County,814269349,2640418,40.0225693,-89.7941326,05000US17129,12261,17129,1.5057671045898597e-05
Bartow County,1188568883,27370205,34.2409175,-84.8381879,05000US13015,106456,13015,8.95665379791034e-05
Lake County,2464507354,531492923,28.7641128,-81.7122822,05000US12069,356115,12069,0.0001444974385740867
Okmulgee County,1806369917,12960866,35.6435003,-95.9659468,05000US40111,38553,40111,2.1342804503757686e-05
Sheridan County,2518053323,86198839,47.5813594,-100.3309858,05000US38083,1289,38083,5.119033771946854e-07
Fulton County,954133346,7439336,41.0503837,-86.265006,05000US18049,20069,18049,2.103374762462185e-05
Johnson County,1226694710,16303985,38.8839065,-94.8223295,05000US20091,597574,20091,0.00048714158064641855
Calvert County,552158542,341580668,38.5227191,-76.5297621,05000US24009,92094,24009,0.0001667890524095161
Washburn County,2064515991,145563849,45.8924885,-91.7964217,05000US55129,15726,55129,7.617281759286697e-06
Jefferson County,4671633827,994992501,47.8057075,-123.5270572,05000US53031,31825,53031,6.8123918052107215e-06
Aguada Municipio,79923637,38025989,18.3756735,-67.185745,05000US72003,37307,72003,0.00046678306193698367
Winona County,1621791140,40051870,43.9813526,-91.7770438,05000US27169,50744,27169,3.128886251037233e-05
Warren County,1524286572,77759819,32.3560946,-90.8523838,05000US28149,46030,28149,3.0197733710666054e-05
Andrew County,1120510438,9677371,39.9888628,-94.8035511,05000US29003,17554,29003,1.5666074500235935e-05
Montgomery County,1385765319,14100641,38.9351835,-91.465427,05000US29139,11414,29139,8.23660387765845e-06
Cherokee County,1521791029,8951464,37.1693922,-94.8456975,05000US20021,20017,20021,1.3153579971590174e-05
Halifax County,1874472930,16919664,36.2514375,-77.6448423,05000US37083,50678,37083,2.7035866556899277e-05
Sandoval County,9609358325,10852151,35.6850913,-106.8831191,05000US35043,144954,35043,1.5084670078633996e-05
Clay County,1215472436,4752710,37.1642731,-83.7154733,05000US21051,20110,21051,1.654500703132358e-05
Clinton County,2299868386,23178644,41.2395075,-77.629009,05000US42035,38549,42035,1.676139392786975e-05
Linn County,5929198839,50052279,44.4888982,-122.5372084,05000US41043,127216,41043,2.1455849846563057e-05
Lafayette County,1640985427,2539010,42.6555782,-90.1302916,05000US55065,16682,55065,1.0165842868268202e-05
Washington County,1076201527,22871165,36.704403,-95.9062525,05000US40147,51995,40147,4.831344194887023e-05
Preston County,1680420300,6668159,39.4690296,-79.6688649,05000US54077,33610,54077,2.0000948572211368e-05
Waupaca County,1936521055,45270535,44.4780043,-88.9670053,05000US55135,50997,55135,2.633433799665039e-05
Edwards County,5485263220,5196312,29.9859327,-100.3073997,05000US48137,1944,48137,3.5440414106508457e-07
Lake County,21078901111,568489460,42.7884009,-120.3897896,05000US41037,7896,41037,3.745925823372017e-07
Ozark County,1929554312,26607427,36.6495904,-92.4585492,05000US29153,9138,29153,4.735808649266981e-06
Waller County,1329431564,11827973,30.0135901,-95.9821493,05000US48473,53626,48473,4.033754083485865e-05
Monroe County,2656469672,22609681,31.5803324,-87.3832656,05000US01099,21006,01099,7.907487226904807e-06
Essex County,1715969342,28693354,44.7240209,-71.7327362,05000US50009,6179,50009,3.6008801840237074e-06
Lunenburg County,1118097708,1743628,36.9455547,-78.2405281,05000US51111,12294,51111,1.0995461230298846e-05
Traill County,2232235426,1462184,47.4462146,-97.1647538,05000US38097,7999,38097,3.583403393222557e-06
Hall County,1017833590,93989123,34.3175689,-83.8184997,05000US13139,201434,13139,0.00019790464961959056
Treutlen County,516524095,7810908,32.4095857,-82.5708819,05000US13283,6787,13283,1.3139754884038856e-05
Calhoun County,726191502,8271470,31.521279,-84.6262895,05000US13037,6301,13037,8.676774628519406e-06
Vilas County,2221455734,414418148,46.049848,-89.501254,05000US55125,21923,55125,9.868753927644096e-06
Beltrami County,6487154458,1426287777,47.8795077,-95.00505,05000US27007,46784,27007,7.211790670762537e-06
Coamo Municipio,202052321,38061,18.1037997,-66.3575862,05000US72043,38603,72043,0.00019105447444971445
Guánica Municipio,95960072,109853143,17.9480521,-66.9229889,05000US72055,15825,72055,0.00016491233979065793
Dorchester County,1400573746,1145353068,38.4291957,-76.0474333,05000US24019,31994,24019,2.2843495454183673e-05
Columbia County,1251512004,18600496,41.0455174,-76.4042599,05000US42037,65390,42037,5.224879968470522e-05
Clark County,1027907500,14611224,39.9170315,-83.783676,05000US39023,134409,39023,0.0001307598203145711
Maverick County,3313818748,31872416,28.7297873,-100.316678,05000US48323,58098,48323,1.7532039142172177e-05
Pima County,23798597680,5112018,32.128038,-111.7836574,05000US04019,1038476,04019,4.363601645624357e-05
Cibola County,11758505167,5554598,34.9282721,-107.9926805,05000US35006,26763,35006,2.276054619179809e-06
Burlington County,2070157273,54113878,39.8757858,-74.6630063,05000US34005,446301,34005,0.00021558796803550876
Rutland County,2407970501,38745883,43.5808577,-73.0382023,05000US50021,58527,50021,2.4305530310979502e-05
Early County,1327626625,9702715,31.3241906,-84.9067225,05000US13099,10218,13099,7.696441008028141e-06
Dukes County,267292993,1004291414,41.3809696,-70.7014995,05000US25007,17430,25007,6.520934127143393e-05
McHenry County,4853487954,97323497,48.2338417,-100.6332668,05000US38049,5825,38049,1.2001678082252844e-06
Wayne County,1147147000,1084590,42.210746,-97.1262433,05000US31179,9388,31179,8.183781154464075e-06
LaMoure County,2968139583,12824671,46.4641952,-98.5260571,05000US38045,4225,38045,1.4234505763134118e-06
Butte County,5792474008,5259978,43.685101,-113.1776308,05000US16023,2603,16023,4.493762071966124e-07
Coos County,4647923092,92546791,44.6525477,-71.2894309,05000US33007,31486,33007,6.774208474790314e-06
Kidder County,3499233947,211737414,46.9382725,-99.731198,05000US38043,2468,38043,7.052972271590734e-07
Kleberg County,2282572444,541041659,27.4387348,-97.6606203,05000US48273,30725,48273,1.3460689968795575e-05
Porter County,1082885598,268619696,41.5099144,-87.0713128,05000US18127,169482,18127,0.00015650960758275778
Newton County,1496417775,4525334,32.4019702,-89.1184115,05000US28101,21215,28101,1.4177190591043334e-05
Sampson County,2449946536,4923828,34.9892978,-78.3712605,05000US37163,63284,37163,2.5830767761701066e-05
Moore County,334684850,3093435,35.2888885,-86.358684,05000US47127,6396,47127,1.911051545954351e-05
Pinellas County,708892951,1525080658,27.9053425,-82.7980663,05000US12103,970985,12103,0.0013697202075860393
Barranquitas Municipio,88714042,77812,18.2000184,-66.3092822,05000US72019,28026,72019,0.0003159139113512605
Hamilton County,1125731578,3172088,38.0852273,-88.5390093,05000US17065,8151,17065,7.240624816158439e-06
Perry County,1428060517,24428402,34.9463629,-92.9268773,05000US05105,10342,05105,7.241990011547949e-06
Cheyenne County,2641501921,2738021,39.7899166,-101.7273254,05000US20023,2639,20023,9.990528414989558e-07
Delta County,2958090989,16786781,38.8615949,-107.8648924,05000US08029,30758,08029,1.039792221212165e-05
Wayne County,1360957553,4272458,40.7399827,-93.3326126,05000US19185,6426,19185,4.72167554809845e-06
Gaines County,3891102467,1262946,32.7439423,-102.6315614,05000US48165,21077,48165,5.416716773395626e-06
Marion County,1922660061,3180617,34.1382194,-87.881551,05000US01093,29818,01093,1.5508721798949357e-05
Watauga County,809210954,2275614,36.2353679,-81.7098875,05000US37189,55669,37189,6.879417502299407e-05
Roanoke city,110129436,855753,37.278458,-79.9581739,05000US51770,99122,51770,0.0009000500102443092
Martin County,2369724591,1931832,32.3098298,-101.9618363,05000US48317,5676,48317,2.395215048008927e-06
Bowie County,2291969119,98398488,33.4460648,-94.422393,05000US48037,93622,48037,4.084784529769225e-05
Weber County,1492536928,216443478,41.2703252,-111.876883,05000US49057,255284,49057,0.00017104032416945331
Marion County,1131623305,19113754,39.8075383,-91.6353791,05000US29127,28572,29127,2.5248684676037138e-05
Jefferson County,3285929042,1524605118,43.996389,-76.0529678,05000US36045,111454,36045,3.391856567059734e-05
Jackson County,1647344929,35129054,42.1642256,-90.5745819,05000US19097,19348,19097,1.174495981952302e-05
Nelson County,2542889235,70073746,47.9186666,-98.2044278,05000US38063,2864,38063,1.126277920634636e-06
Clinton County,2687763026,206582007,44.752712,-73.7056429,05000US36019,80320,36019,2.98835869170856e-05
Garfield County,7633807267,21696625,39.5993517,-107.9097802,05000US08045,59605,08045,7.808030503686542e-06
Ray County,1473619864,13412073,39.3084005,-93.9957462,05000US29177,22900,29177,1.55399642468446e-05
Hocking County,1091289821,5955974,39.4903424,-82.4834473,05000US39073,28306,39073,2.593811419780484e-05
Lowndes County,1854651814,23271259,32.147888,-86.6505859,05000US01085,9936,01085,5.357339811708722e-06
Candler County,629520841,15018189,32.4039497,-82.0712656,05000US13043,10834,13043,1.7209914738946665e-05
Linn County,1857173066,19710590,42.0779506,-91.5976735,05000US19113,225601,19113,0.00012147548558083601
Trinity County,8234265080,73407950,40.6478582,-123.114666,05000US06105,12541,06105,1.5230260233497364e-06
Muscogee County,560718761,11696847,32.510197,-84.874946,05000US13215,195418,13215,0.00034851339671868053
Tallahatchie County,1671120105,17918953,33.9545292,-90.1722434,05000US28135,14041,28135,8.40214892872706e-06
Atchison County,1116736555,6851102,39.5325441,-95.3133975,05000US20005,16210,20005,1.4515509434541614e-05
Lares Municipio,159155345,485277,18.2769246,-66.8695875,05000US72081,24945,72081,0.00015673366169386267
Andrews County,3886850259,957039,32.3122581,-102.6402058,05000US48003,18227,48003,4.689401130850202e-06
Miami County,1052883435,7924128,40.0533257,-84.2284135,05000US39109,106074,39109,0.00010074619513792616
Potter County,2352718733,35190085,35.3986751,-101.893804,05000US48375,118323,48375,5.0292029531776586e-05
Seminole County,1639028938,19925657,35.1583657,-96.6028575,05000US40133,24624,40133,1.502352974319481e-05
Aiken County,2773070087,24554643,33.5500134,-81.632983,05000US45003,169947,45003,6.128478353169008e-05
Mendocino County,9082632466,961740401,39.4323876,-123.4428811,05000US06045,87110,06045,9.590831768882895e-06
Chesapeake city,876598055,32349712,36.6793761,-76.3017884,05000US51550,242647,51550,0.00027680531415279035
Yauco Municipio,175371930,1625258,18.0856688,-66.8579009,05000US72153,34501,72153,0.00019673045737707284
Sweetwater County,27005754359,166230245,41.6603282,-108.8756774,05000US56037,43352,56037,1.605287503681689e-06
Garza County,2313937124,7209242,33.183792,-101.3011341,05000US48169,6028,48169,2.605083749890172e-06
Hardy County,1508190150,5624064,39.0113612,-78.8417292,05000US54031,13789,54031,9.142746357281276e-06
Adjuntas Municipio,172725726,1051789,18.1816112,-66.7581652,05000US72001,17614,72001,0.00010197670264822045
Ozaukee County,603514413,2287415379,43.5018446,-87.8475669,05000US55089,89179,55089,0.00014776614788154197
Sullivan County,1070810025,42124187,36.5096806,-82.3013363,05000US47163,157707,47163,0.0001472782251921857
Laurens County,1846324508,26063893,34.4836761,-82.0054976,05000US45059,66990,45059,3.628289594258042e-05
Crook County,7393068933,28186052,44.5892657,-104.5672975,05000US56011,7502,56011,1.0147342149771891e-06
Sheboygan County,1324851053,1967647657,43.741232,-87.7315164,05000US55117,115152,55117,8.69169403905814e-05
Hampden County,1598027523,44418900,42.1361975,-72.6356476,05000US25013,466647,25013,0.0002920143697675225
Caldwell County,1410354031,4946188,29.8323986,-97.628141,05000US48055,42817,48055,3.035904394135773e-05
Cloud County,1852726651,6859888,39.4873286,-97.6413898,05000US20029,8831,20029,4.766488351227371e-06
Inyo County,26410783053,77280938,36.5621604,-117.4042092,05000US06027,17930,06027,6.788893749957683e-07
Coosa County,1685846963,39991153,32.9314453,-86.2434818,05000US01037,10696,01037,6.344585383341228e-06
Dickinson County,985574547,60680641,43.3896107,-95.1960572,05000US19059,17260,19059,1.751262758615052e-05
Harlan County,1206496138,6011473,36.8592233,-83.2214968,05000US21095,26307,21095,2.1804462667911168e-05
Geary County,996272886,51602808,39.0021387,-96.7680996,05000US20061,33309,20061,3.343361087917834e-05
Berks County,2218072312,24220127,40.4139565,-75.9268598,05000US42011,419062,42011,0.0001889307204877097
Carter County,883854986,16670131,36.2847441,-82.1265932,05000US47019,56452,47019,6.387020596611761e-05
Lyon County,1850315110,18794794,44.4091953,-95.8472678,05000US27083,25696,27083,1.388736429872207e-05
Charlotte County,1231010116,5809378,37.0090421,-78.6585682,05000US51037,11953,51037,9.709912083289493e-06
Washington County,845605993,8635313,36.2956649,-82.4950374,05000US47179,128874,47179,0.00015240431248930375
Newberry County,1632452022,44011454,34.2898805,-81.5996761,05000US45071,38329,45071,2.3479403672177265e-05
Isle of Wight County,817620587,122100069,36.9014184,-76.7075688,05000US51093,37107,51093,4.5384131209504393e-05
Wheeler County,4444475029,1241033,44.7364146,-120.0268608,05000US41069,1417,41069,3.1882280601288984e-07
Butler County,1799408335,11193869,36.7151802,-90.40313,05000US29023,42570,29023,2.3657776376811104e-05
Iberville Parish,1602476038,88659446,30.2706526,-91.3658718,05000US22047,32626,22047,2.0359742814450747e-05
Sharkey County,1118149684,8806463,32.8923946,-90.8276129,05000US28125,4427,28125,3.959219470655415e-06
Fauquier County,1678296041,9665551,38.7440956,-77.8215005,05000US51061,70353,51061,4.1919302841279834e-05
Radford city,25061727,858278,37.1201194,-80.5591473,05000US51750,17833,51750,0.0007115630937963692
Douglas County,1840147662,72317573,38.9051292,-119.6090191,05000US32005,48486,32005,2.634897242284462e-05
Franklin County,1411498965,2270440522,29.6777939,-84.8152135,05000US12037,11914,12037,8.440672147428745e-06
Greene County,1404983901,8919619,39.0471466,-87.0047712,05000US18055,32174,18055,2.2899906523555246e-05
Rush County,1057069330,838340,39.6223616,-85.4665291,05000US18139,16632,18139,1.5734067319879576e-05
Washington County,1115362166,12999404,43.391156,-88.2329166,05000US55131,135529,55131,0.00012151120428088826
Laclede County,1980383070,8711544,37.6596977,-92.594843,05000US29105,35680,29105,1.8016716331552965e-05
Mercer County,1741819732,26010715,41.3000142,-80.2527863,05000US42085,110519,42085,6.345030887501738e-05
Craighead County,1831531474,14330185,35.8277285,-90.6314213,05000US05031,109081,05031,5.95572620773865e-05
Saline County,1956761965,29542462,39.1358403,-93.2041639,05000US29195,22932,29195,1.1719361072106693e-05
White County,1281999217,17833682,38.0873259,-88.1786227,05000US17193,13712,17193,1.0695794364124015e-05
De Witt County,1029678323,19492326,40.1814993,-88.9018526,05000US17039,15764,17039,1.53096356870669e-05
White Pine County,23016356483,23426584,39.4181759,-114.9005649,05000US32033,9570,32033,4.1579126596637706e-07
Goodhue County,1959853272,59175413,44.4061779,-92.7160003,05000US27049,46330,27049,2.363952478581264e-05
Swain County,1366810476,32416167,35.5688491,-83.4656136,05000US37173,14241,37173,1.041914753366289e-05
Pasco County,1933733392,694477432,28.3098227,-82.5110062,05000US12101,539885,12101,0.00027919308950941465
Sumter County,1442967719,58773420,28.7154442,-82.0699524,05000US12119,129938,12119,9.00491385143731e-05
Nassau County,736959587,437291722,40.7296118,-73.5894144,05000US36059,1355683,36059,0.0018395622011224341
Steele County,1844441513,8435674,47.4510624,-97.71892,05000US38091,1817,38091,9.851220476189748e-07
Vanderburgh County,604506363,8955935,38.0200703,-87.5861659,05000US18163,181548,18163,0.0003003243821934758
Franklin County,2389650757,20813427,38.4130031,-91.072832,05000US29071,103629,29071,4.3365751123439165e-05
Avery County,640602137,445285,36.07209,-81.9202847,05000US37011,17510,37011,2.7333658426431382e-05
Wood County,949229779,26590767,39.2116023,-81.516234,05000US54107,84387,54107,8.89004979267512e-05
Bayfield County,3827677060,1460300913,46.6341992,-91.1772815,05000US55007,15088,55007,3.941816345394614e-06
Stewart County,1190814528,86082696,36.4584642,-87.8118894,05000US47161,13553,47161,1.1381285398627586e-05
Portage County,2074252980,56835087,44.4762457,-89.4980699,05000US55097,70822,55097,3.414337628190367e-05
Lexington County,1810397035,151833121,33.8992461,-81.2661183,05000US45063,295033,45063,0.000162965909850819
Anne Arundel County,1074352780,448033952,38.9916174,-76.5608941,05000US24003,575421,24003,0.0005355978135971315
Fond du Lac County,1863667254,119853823,43.7547219,-88.493284,05000US55039,102654,55039,5.508172114934848e-05
Webster County,1433479488,7146543,38.483459,-80.4490515,05000US54101,8289,54101,5.782433630469919e-06
Kewaunee County,886951790,1921336270,44.6056771,-87.4480081,05000US55061,20398,55061,2.2997867787154476e-05
Parmer County,2281312149,11355762,34.5321628,-102.7848533,05000US48369,9639,48369,4.225199959692145e-06
Woods County,3331971784,9081295,36.7269843,-98.863649,05000US40151,8914,40151,2.6752927629233487e-06
Elliott County,606882500,2601651,38.1168826,-83.096116,05000US21063,7461,21063,1.2293977829316218e-05
Berkshire County,2400599906,50694129,42.371493,-73.2179276,05000US25003,125927,25003,5.245647127006094e-05
Chariton County,1945541996,40353306,39.5179685,-92.9616205,05000US29041,7449,29041,3.828753126540066e-06
Rio Blanco County,8342275014,4868111,39.9726223,-108.2007155,05000US08103,6369,08103,7.634608052733276e-07
Morgan County,3316441488,34663098,40.263159,-103.8122102,05000US08087,28617,08087,8.62882704354831e-06
Malheur County,25609051307,108997319,43.1886252,-117.6031915,05000US41045,30632,41045,1.1961395848985246e-06
Middlesex County,800881307,35356734,40.4396214,-74.4074303,05000US34023,825015,34023,0.001030133919707031
Russell County,2295402858,34126776,38.9160397,-98.7709489,05000US20167,6896,20167,3.0042656677741227e-06
Putnam County,414649315,31195045,41.1989613,-89.2983474,05000US17155,5720,17155,1.3794789459618424e-05
Haakon County,4689279882,42452623,44.2880971,-101.5408561,05000US46055,1935,46055,4.1264331596575835e-07
Macon County,795498346,246690,36.5377572,-86.0009596,05000US47111,24208,47111,3.0431238633901573e-05
Cleburne County,1434747665,98885396,35.5663146,-92.0599504,05000US05023,25063,05023,1.7468576957049796e-05
Pike County,1740645369,2339145,31.7986533,-85.9416076,05000US01109,33274,01109,1.9115898386077284e-05
Adams County,3529648934,17359846,44.877004,-116.4616241,05000US16003,4200,16003,1.18992003979283e-06
Bristol County,1432553462,357461179,41.7485884,-71.088894,05000US25005,563301,25005,0.0003932146442992576
Schuylkill County,2016509909,10820294,40.703682,-76.2177878,05000US42107,141935,42107,7.038646295092419e-05
Wells County,3290664846,51166900,47.5808513,-99.6822135,05000US38103,3889,38103,1.1818280444838715e-06
Cleveland County,1202400603,10177696,35.3346302,-81.5571145,05000US37045,97765,37045,8.130817612372738e-05
Hot Spring County,1592697317,18725599,34.3151767,-92.9441474,05000US05059,33667,05059,2.1138354187357496e-05
Frederick County,1710921853,17674490,39.4701773,-77.3976358,05000US24021,255955,24021,0.00014960063754589263
Schuyler County,1132602884,10510632,40.1569048,-90.6134641,05000US17169,6897,17169,6.089513012400205e-06
Mono County,7896624729,214695677,37.9158363,-118.8751668,05000US06051,14395,06051,1.8229307449719636e-06
Tuolumne County,5752133237,138668837,38.0214344,-119.9647335,05000US06109,54147,06109,9.413377223549873e-06
Doña Ana County,9863163868,17594250,32.349919,-106.8349684,05000US35013,217696,35013,2.2071619503990176e-05
Crisp County,706236802,21409235,31.9202675,-83.7565301,05000US13081,22509,13081,3.187174604361668e-05
Columbia County,1984098878,1985830,33.2230377,-93.2328433,05000US05027,23620,05027,1.1904648635157385e-05
Griggs County,1835486224,20446712,47.4563342,-98.2322863,05000US38039,2314,38039,1.2607013715184386e-06
Solano County,2128527683,218619356,38.2672255,-121.939594,05000US06095,444538,06095,0.0002088476478602604
Clayton County,2016295985,36695624,42.8409849,-91.3235764,05000US19043,17527,19043,8.692672172334858e-06
Titus County,1051700249,50711188,33.214599,-94.9667825,05000US48449,32709,48449,3.110106708741494e-05
Hampshire County,1658633561,10902927,39.3121395,-78.6119886,05000US54027,23304,54027,1.4050119657502818e-05
Moore County,1806983006,20712954,35.3082717,-79.4927248,05000US37125,99263,37125,5.4933001400899725e-05
Barton County,2318705423,13926862,38.4812394,-98.7678374,05000US20009,26209,20009,1.1303290077309661e-05
Slope County,3147520227,10980609,46.4458338,-103.462462,05000US38087,788,38087,2.503558176498416e-07
Richland Parish,1439031396,22771218,32.413158,-91.7483534,05000US22083,20251,22083,1.40726603021245e-05
Garfield County,1474558344,5321553,41.9068675,-98.951231,05000US31071,2081,31071,1.4112700311029539e-06
St. Martin Parish,1910038833,205294658,30.1214329,-91.6114814,05000US22099,53607,22099,2.806592152673788e-05
Sumter County,2340898913,24634883,32.5974811,-88.2000571,05000US01119,12595,01119,5.380411742709028e-06
Winston County,1587657470,48873867,34.1545665,-87.3653458,05000US01133,23712,01133,1.4935211434491597e-05
Seminole County,801286912,93137171,28.6900648,-81.1319751,05000US12117,466695,12117,0.0005824318268660302
Forrest County,1207042883,10872917,31.1885802,-89.2594467,05000US28035,75162,28035,6.226953578748702e-05
Ingham County,1440236312,12006106,42.6035338,-84.3738107,05000US26065,290923,26065,0.00020199671232841405
Shawnee County,1409020132,30313507,39.0418053,-95.755664,05000US20177,177293,20177,0.00012582715886986346
Hanson County,1125562873,2003166,43.6806116,-97.7968454,05000US46061,3423,46061,3.0411450858152107e-06
Itasca County,6909414900,673890473,47.4908166,-93.6111022,05000US27061,45180,27061,6.5389038947422305e-06
Lincoln County,6676158658,22780358,38.9937401,-103.5075545,05000US08073,5608,08073,8.400040033919757e-07
Madison County,1696054036,16691322,42.9100255,-75.6635749,05000US36053,70990,36053,4.185597775376539e-05
Washington County,2152713650,38126949,43.3123766,-73.4394282,05000US36115,61304,36115,2.8477545074329787e-05
Johnson County,829870735,3563935,39.496092,-86.0942641,05000US18081,156148,18081,0.0001881594246120753
Terry County,2302083290,5443860,33.171229,-102.339284,05000US48445,12408,48445,5.389900553945639e-06
Harding County,5504963122,1162620,35.8593523,-103.8534243,05000US35021,432,35021,7.84746401431025e-08
Talladega County,1908346572,60874403,33.3693135,-86.1759302,05000US01121,80244,01121,4.204896593594216e-05
Langlade County,2255098142,44277570,45.2548634,-89.0670703,05000US55067,19167,55067,8.499408359673953e-06
Foard County,1824378631,8514741,33.9633063,-99.8168285,05000US48155,1207,48155,6.615951203826613e-07
Buena Vista County,1488981867,13798140,42.7415219,-95.1414324,05000US19021,19950,19021,1.3398417027196746e-05
Mills County,1132940500,8316363,41.0337028,-95.619101,05000US19129,15023,19129,1.3260184449227474e-05
Real County,1810812879,2346259,29.8300967,-99.812549,05000US48385,3429,48385,1.8936247028978636e-06
Delaware County,1147744276,36698376,40.2789411,-83.0074622,05000US39041,205454,39041,0.00017900677380507362
Forsyth County,1056328480,11658537,36.1324661,-80.2569608,05000US37067,378499,37067,0.00035831562545771747
Carson City,374341372,32594082,39.1530598,-119.7473681,05000US32510,55244,32510,0.00014757652808944667
Dallas County,1523686079,8569247,41.6853205,-94.0407065,05000US19049,90418,19049,5.934161980356322e-05
Carson County,2383397227,10026604,35.4054961,-101.3553558,05000US48065,5957,48065,2.499373554905961e-06
Sumter County,1250646286,25211441,32.0422659,-84.2042935,05000US13261,29714,13261,2.375891595619387e-05
Wayne County,1966281377,38535344,37.1110737,-90.4539307,05000US29223,13058,29223,6.640962047823942e-06
Anderson County,1848872592,108544389,34.521235,-82.6386029,05000US45007,200183,45007,0.00010827300965257643
Carbon County,20455215114,171386122,41.7035904,-106.9331526,05000US56007,15073,56007,7.368780976389589e-07
Silver Bow County,1859568271,1518178,45.8962319,-112.6600714,05000US30093,34895,30093,1.8765108301850565e-05
Stephenson County,1461392061,1350223,42.3497262,-89.6659942,05000US17177,44683,17177,3.0575641672382124e-05
Lapeer County,1675677869,41080674,43.0886327,-83.2243247,05000US26087,87975,26087,5.25011409576598e-05
Claiborne Parish,1954908518,32473223,32.8271597,-92.9897278,05000US22027,15854,22027,8.10984240644656e-06
Yalobusha County,1209914676,72140595,34.0306661,-89.7038072,05000US28161,12276,28161,1.0146170009760258e-05
Maricao Municipio,94851744,12487,18.1739559,-66.9355468,05000US72093,5900,72093,6.220233546786446e-05
Kalkaska County,1449729130,28020186,44.6788808,-85.0889915,05000US26079,17725,26079,1.2226421910967603e-05
Aguadilla Municipio,94618010,101127672,18.4801911,-67.1437616,05000US72005,51552,72005,0.0005448434182879137
Evangeline Parish,1715687375,44662183,30.7206932,-92.4040858,05000US22039,33491,22039,1.9520456050450333e-05
Hardeman County,1729509842,6768751,35.2187853,-88.988697,05000US47069,25247,47069,1.4597777582349254e-05
Cochise County,16083178104,17664572,31.8401287,-109.7751627,05000US04003,126442,04003,7.861754634710721e-06
Hidalgo County,8905761778,23581028,31.8980519,-108.7519293,05000US35023,4234,35023,4.7542255289820305e-07
Divide County,3266310803,86676913,48.8147537,-103.5093256,05000US38023,2289,38023,7.007906283436433e-07
San Bernardino County,51975908919,96406054,34.8566615,-116.1815707,05000US06071,2162532,06071,4.1606429689764944e-05
Montezuma County,5255990018,27208195,37.3380247,-108.5957864,05000US08083,26266,08083,4.997345868247043e-06
Clarke County,1791173034,5073931,32.0453738,-88.6879756,05000US28023,15612,28023,8.716075836143925e-06
Marion County,1436123086,41484608,41.3314327,-93.0938678,05000US19125,33193,19125,2.311292139481699e-05
Douglas County,845391130,33520307,41.2970908,-96.1540664,05000US31055,565739,31055,0.0006692038512398397
Fairfax city,16162728,84155,38.8531833,-77.2990252,05000US51600,23312,51600,0.0014423307748543438
Harmon County,1391491971,3800411,34.745971,-99.8441936,05000US40057,2663,40057,1.9137731697339415e-06
Cedar County,1228870903,62637821,37.7336549,-93.8500144,05000US29039,14144,29039,1.1509752542330315e-05
Clarke County,308784927,4688313,33.9521852,-83.3671522,05000US13059,126952,13059,0.0004111340577190803
Valley County,9492613296,177110436,44.8559596,-115.6180612,05000US16085,11085,16085,1.1677500867617772e-06
Knox County,2203098614,12587673,33.6118897,-99.7303563,05000US48275,3679,48275,1.6699207092324918e-06
Ouachita County,1897738453,18185713,33.5911684,-92.8784131,05000US05103,23597,05103,1.2434274050092191e-05
Darke County,1549077535,4244898,40.1314669,-84.6211906,05000US39037,51387,39037,3.317264555127642e-05
Kay County,2381745586,65578499,36.8148851,-97.1438616,05000US40071,44074,40071,1.8504915159313745e-05
Dewey County,5963127468,370089902,45.148049,-100.8379534,05000US46041,5841,46041,9.795195610599683e-07
Tillamook County,2855123461,595798340,45.4558895,-123.7592988,05000US41057,26782,41057,9.380329910714148e-06
Coweta County,1142364907,12680737,33.3528965,-84.7621381,05000US13077,145839,13077,0.00012766411074635717
Simpson County,1525930873,3378528,31.9025047,-89.9177086,05000US28127,26818,28127,1.7574845934714894e-05
Stone County,1153800120,6712351,30.790184,-89.112297,05000US28131,18282,28131,1.5845032153402792e-05
Contra Costa County,1856838508,225278783,37.919479,-121.9515431,05000US06013,1147788,06013,0.0006181409934438952
Carroll County,1547925981,6308712,35.9657478,-88.4523791,05000US47017,27841,47017,1.7986002135589194e-05
Henrico County,605215393,28886745,37.4375205,-77.300333,05000US51087,330076,51087,0.0005453859961555868
Owen County,997909074,6568942,39.3173394,-86.8388453,05000US18119,20854,18119,2.0897695534934077e-05
Westchester County,1115568257,179637627,41.1526862,-73.7457526,05000US36119,968738,36119,0.0008683807502780173
Bollinger County,1600364576,8530122,37.3184272,-90.0246452,05000US29017,12181,29017,7.6113906685222705e-06
McDowell County,1381648569,3731571,37.3827604,-81.658204,05000US54047,18083,54047,1.3087988078681967e-05
Harrison County,1077456355,1318839,39.279182,-80.3864982,05000US54033,67620,54033,6.275892261083744e-05
Granville County,1377850210,14503653,36.299884,-78.6576338,05000US37077,59823,37077,4.341763681264018e-05
New Haven County,1565143226,667604268,41.3497185,-72.9002033,05000US09009,855733,09009,0.0005467442121491826
Pierce County,1484707270,3481943,42.2714129,-97.6109917,05000US31139,7132,31139,4.80364051830904e-06
Bleckley County,559106468,8441079,32.4354034,-83.3317174,05000US13023,12870,13023,2.3018871604254092e-05
Burke County,2142015889,20578826,33.0601805,-82.0001638,05000US13033,22567,13033,1.0535402709143957e-05
Union County,1070730016,22541671,37.4856521,-89.2446391,05000US17181,16829,17181,1.5717314120761512e-05
Kankakee County,1752101352,12458978,41.1395105,-87.8611165,05000US17091,109924,17091,6.273837976012246e-05
McIntosh County,2524106808,51795568,46.1086815,-99.4164868,05000US38051,2535,38051,1.0043156620652797e-06
Platte County,1745780718,27297317,41.5768655,-97.5134673,05000US31141,33250,31141,1.9045920061536616e-05
Warren County,1112117461,38615564,36.3981051,-78.0998993,05000US37185,19746,37185,1.775531874325998e-05
Aibonito Municipio,81094467,71893,18.1307232,-66.2644602,05000US72009,22545,72009,0.00027800910264321734
Marion County,947209658,3790127,32.3593118,-84.5287354,05000US13197,8450,13197,8.920939444221757e-06
Clay County,1067154436,13955918,42.9161495,-96.980468,05000US46027,14076,46027,1.3190218327499882e-05
Sussex County,2424633517,674085951,38.6732275,-75.3370237,05000US10005,230249,10005,9.496239261960182e-05
Jasper County,954167636,13100766,33.3169807,-83.6891515,05000US13159,14074,13159,1.4750028683638983e-05
Randolph County,1250217879,13254192,39.4392486,-92.4929595,05000US29175,24769,29175,1.9811746749144034e-05
Butler County,3702922899,43565303,37.7736487,-96.8388402,05000US20015,66890,20015,1.8064108225981184e-05
Hays County,1753033395,5054128,30.0612247,-98.0292673,05000US48209,222827,48209,0.00012710938686938134
Medina County,3432666210,23759762,29.3536614,-99.1110845,05000US48325,50869,48325,1.4819093057113759e-05
Mason County,1281963206,1935616622,43.9571957,-86.4429369,05000US26105,29062,26105,2.266991740791038e-05
Beaufort County,1491928837,899873956,32.358112,-80.6894218,05000US45013,189732,45013,0.00012717228549688527
Yankton County,1349873576,28676615,43.006603,-97.3883614,05000US46135,22746,46135,1.6850466891426877e-05
Rock County,1860044984,20695798,42.6698802,-89.0752844,05000US55105,162532,55105,8.738068240181873e-05
Pickens County,1287069061,40951482,34.8853677,-82.7233774,05000US45077,125381,45077,9.741590703966118e-05
Columbia County,2249624779,12561759,46.2928505,-117.9116345,05000US53013,4024,53013,1.7887427439293866e-06
Clinton County,1049119194,461117,40.305944,-86.4775665,05000US18023,32186,18023,3.067906886469565e-05
Clinton County,1227502166,75634262,38.6062953,-89.4262278,05000US17027,37549,17027,3.058976272307449e-05
Minidoka County,1960610406,13928528,42.8572114,-113.6398404,05000US16067,20817,16067,1.061761170719809e-05
Sullivan County,1165337409,6617028,41.4392848,-76.5117166,05000US42113,6038,42113,5.1813319930931696e-06
Rankin County,2008521126,79231033,32.2671233,-89.946063,05000US28121,154119,28121,7.673257602569025e-05
Motley County,2562963900,644140,34.0578993,-100.7931519,05000US48345,1362,48345,5.31415990681726e-07
Lane County,11795042046,436061004,43.9283337,-122.8975806,05000US41039,377749,41039,3.2026083376964676e-05
Wichita County,1625459967,13644166,33.9882125,-98.7080098,05000US48485,132154,48485,8.130252524392069e-05
Shiawassee County,1375198270,25833316,42.9515446,-84.1463518,05000US26155,68176,26155,4.957539686259204e-05
Jewell County,2356813568,11367163,39.7770053,-98.2226185,05000US20089,2854,20089,1.210957047579251e-06
Mitchell County,1817632931,44979980,39.3930256,-98.2073621,05000US20123,6053,20123,3.3301553337668926e-06
Bradford County,761362121,16905200,29.9523863,-82.1666983,05000US12007,27723,12007,3.641237098003724e-05
Marion County,1404769598,16149945,31.2301672,-89.821712,05000US28091,24785,28091,1.7643462696862836e-05
George County,1239816906,12838126,30.8554305,-88.6422679,05000US28039,24098,28039,1.9436740927938274e-05
Jo Daviess County,1556385345,45789931,42.3623905,-90.2114705,05000US17085,21429,17085,1.3768441131139024e-05
Hancock County,792425161,2769690,39.8225286,-85.7731503,05000US18059,76614,18059,9.668294719884595e-05
Franklin city,21438217,227442,36.6840142,-76.9413956,05000US51620,8015,51620,0.00037386504670607637
Midland County,2331915358,4252951,31.8142693,-102.0024538,05000US48329,171238,48329,7.343233939111096e-05
Scott County,1858536838,306079,38.4818768,-100.9063604,05000US20171,4893,20171,2.632716177563331e-06
Cascade County,6988324592,34310133,47.3165751,-111.3502622,05000US30013,81576,30013,1.167318416969147e-05
Harrisonburg city,44908386,131080,38.4362547,-78.8733028,05000US51660,53558,51660,0.0011926057640993823
Williamson County,1088338913,62470509,37.7303533,-88.9300182,05000US17199,66929,17199,6.149646879344835e-05
Flathead County,13175844498,437162491,48.2954221,-114.0520587,05000US30029,102001,30029,7.74151516553516e-06
Peñuelas Municipio,115558559,60210081,18.0266179,-66.7281249,05000US72111,19797,72111,0.00017131573958100325
Stevens County,1883593926,464936,37.2017002,-101.3172684,05000US20189,5498,20189,2.9188881553018982e-06
Fayette County,734617508,4920615,38.0406777,-84.4582721,05000US21067,322200,21067,0.0004385955908908177
Hancock County,486071470,29136422,37.8433252,-86.7927612,05000US21091,8748,21091,1.7997353352172677e-05
Brown County,4436728205,46414569,45.5892542,-98.3521746,05000US46013,38988,46013,8.787556550356683e-06
Barbour County,883338376,4639586,39.1397248,-79.9969466,05000US54001,16543,54001,1.8727817617198147e-05
Wayne County,1901333937,4023436,35.2428473,-87.8198433,05000US47181,16638,47181,8.750698483956003e-06
Box Butte County,2785180098,6588657,42.2103804,-103.0817795,05000US31013,10845,31013,3.893823601492646e-06
Northumberland County,1185344304,50674892,40.8515244,-76.709877,05000US42097,91234,42097,7.696835399818145e-05
Victoria County,2284644884,17425944,28.7963699,-96.9711977,05000US48469,92044,48469,4.0288099321084686e-05
Buena Vista city,16674752,219579,37.7293448,-79.3581337,05000US51530,6477,51530,0.0003884315640796337
St. Clair County,1868709820,297833099,42.9288035,-82.6689135,05000US26147,159285,26147,8.523795310285254e-05
Thurston County,1019377275,6458648,42.1540613,-96.5339428,05000US31173,7218,31173,7.080793516806621e-06
Lamoille County,1197230858,12696348,44.6111921,-72.632659,05000US50015,25376,50015,2.119557797097809e-05
Franklin County,1788671765,54404459,36.9911862,-79.8827149,05000US51067,56231,51067,3.143729391848482e-05
Blaine County,2404772749,26855431,35.8777951,-98.4290308,05000US40011,9521,40011,3.9592098687741745e-06
Kittitas County,5949926850,92486168,47.1244411,-120.6767092,05000US53037,47097,53037,7.91555949969368e-06
Randolph County,1171656774,2420288,40.1640793,-85.0057896,05000US18135,24694,18135,2.10761381216578e-05
Kane County,10333912585,306169204,37.2750892,-111.815329,05000US49025,7658,49025,7.41055233147204e-07
Tucker County,1085320044,5303786,39.1111751,-79.5599678,05000US54093,6943,54093,6.39719135234178e-06
Ponce Municipio,297688619,203748553,18.0017167,-66.6066625,05000US72113,135674,72113,0.000455758102058984
Crawford County,1477970925,73976386,43.2427683,-90.935185,05000US55023,16155,55023,1.0930526255108842e-05
Jackson County,2792044654,126334707,34.764114,-85.9800556,05000US01071,51765,01071,1.8540176256077887e-05
Mahaska County,1478498332,6594320,41.3307973,-92.6363661,05000US19123,22351,19123,1.5117365719151856e-05
Douglas County,1180428103,48875040,38.8964168,-95.2909475,05000US20045,121304,20045,0.00010276271777307897
Daviess County,1187227811,46825915,37.731671,-87.087139,05000US21059,101001,21059,8.507297341268229e-05
Powell County,463558849,2953274,37.8099073,-83.8313543,05000US21197,12283,21197,2.6497175119183197e-05
Jasper County,1653723325,7163887,37.2051967,-94.3372594,05000US29097,120528,29097,7.288280825330924e-05
Union County,5275651490,4936782,45.3040809,-117.9991488,05000US41061,26502,41061,5.023455406452559e-06
Henry County,825449018,20273034,33.4529466,-84.1540207,05000US13151,229994,13151,0.0002786289582817094
Adams County,2557733900,2894336,46.0968146,-102.5331983,05000US38001,2271,38001,8.878953357892312e-07
Pamlico County,871570771,583036551,35.1475747,-76.6652684,05000US37137,12673,37137,1.454041418284322e-05
Graves County,1429035010,13037984,36.7233435,-88.6498974,05000US21083,37125,21083,2.597906961005805e-05
Cambria County,1780643391,13523237,40.5102268,-78.7104774,05000US42021,131611,42021,7.391204811991465e-05
McMinn County,1113997311,5340568,35.4244722,-84.6199488,05000US47107,53392,47107,4.792830240503157e-05
Livingston County,1464077278,52117007,42.6025316,-83.9117183,05000US26093,190832,26093,0.00013034284656113625
Adams County,3021830728,43701811,39.8743252,-104.3318718,05000US08001,509844,08001,0.00016872023812446982
Lackawanna County,1188837920,15915780,41.4402841,-75.6096661,05000US42069,210162,42069,0.00017677935441359408
Pontotoc County,1865856327,12574651,34.7214152,-96.6917804,05000US40123,38385,40123,2.0572323519526807e-05
Creek County,2460339013,50693031,35.9073976,-96.3801769,05000US40037,71505,40037,2.9063067984607045e-05
Tyler County,2394158684,29093511,30.7692953,-94.3756561,05000US48457,21524,48457,8.990214451466158e-06
Van Buren County,708142395,2893456,35.6992335,-85.4584092,05000US47175,5813,47175,8.208800999691595e-06
Pottawatomie County,2040375639,14845673,35.2113915,-96.9570036,05000US40125,72511,40125,3.553806397901225e-05
Tolland County,1062807467,17549693,41.8580807,-72.3409779,05000US09013,150947,09013,0.00014202666492933098
Socorro County,17214061665,4843011,33.9916579,-106.9391362,05000US35053,16723,35053,9.714732249392113e-07
Atkinson County,887636774,4701677,31.2968056,-82.8781511,05000US13003,8311,13003,9.363064085941081e-06
Duval County,1975244256,403564956,30.3352449,-81.6481132,05000US12031,948651,12031,0.0004802702233500382
Falls County,1982623099,21693053,31.2519298,-96.9341275,05000US48145,17281,48145,8.716230537572286e-06
Yell County,2409234392,46381281,34.9977133,-93.4083032,05000US05149,21425,05149,8.892866576678024e-06
Comanche County,2041681089,3604155,37.1814417,-99.2512929,05000US20033,1759,20033,8.615449344547462e-07
Jessamine County,445910433,6126961,37.8732908,-84.5839603,05000US21113,53476,21113,0.00011992542906032431
Monroe County,853220889,6801900,36.714077,-85.713508,05000US21171,10616,21171,1.2442264525945052e-05
Kiowa County,2629039886,40296743,34.9214893,-98.9816168,05000US40075,8816,40075,3.3533154239866865e-06
Lake County,1457879899,31783045,44.0284497,-97.1232229,05000US46079,12747,46079,8.743518590758758e-06
Caswell County,1101694783,8641803,36.3942984,-79.339609,05000US37033,22619,37033,2.053109477237127e-05
Presidio County,9985057448,1773188,30.0058912,-104.2616192,05000US48377,6808,48377,6.818188113042492e-07
Greene County,1071111594,6802048,39.6874785,-83.8948943,05000US39057,167867,39057,0.00015672223224949986
Willacy County,1529652214,502884780,26.4818607,-97.5947313,05000US48489,21419,48489,1.4002529335730429e-05
Bayamón Municipio,114929981,481785,18.3494195,-66.1686259,05000US72021,173695,72021,0.00151131148277141
Los Alamos County,282626748,208105,35.8700469,-106.3079679,05000US35028,18976,35028,6.71415573164363e-05
Kenai Peninsula Borough,41484923347,22541184317,60.360766,-152.0526403,05000US02122,58809,02122,1.4175993410447702e-06
Baldwin County,4117656199,1132956041,30.6592183,-87.7460666,05000US01003,218289,01003,5.301292518132352e-05
Appanoose County,1287973257,49093607,40.7442491,-92.8730649,05000US19007,12462,19007,9.675666736300877e-06
New Kent County,543988863,35597682,37.5101601,-76.9993305,05000US51127,22310,51127,4.101186902423773e-05
Talbot County,1013662778,8766848,32.7046026,-84.5300288,05000US13263,6245,13263,6.160826002037533e-06
Lewis County,3301307189,39612949,43.7826811,-75.4441402,05000US36049,26456,36049,8.013795289378628e-06
Clay County,885617417,4862288,38.4598259,-81.0818663,05000US54015,8599,54015,9.70961030681717e-06
Jefferson County,934053824,6143080,38.7836039,-85.44009,05000US18077,32167,18077,3.4438058250484715e-05
Bedford County,1968660755,42062887,37.3122568,-79.5272234,05000US51019,78965,51019,4.011102461378624e-05
Mora County,4988962636,6093304,35.9828413,-104.9218975,05000US35033,4500,35033,9.019911208651514e-07
Boone County,1778138686,1745891,41.7039345,-98.0704764,05000US31011,5228,31011,2.9401531169430954e-06
Oregon County,2045687598,4528441,36.6853104,-91.4018272,05000US29149,10561,29149,5.162567349152009e-06
Houston County,518758193,17303404,36.2857824,-87.7055983,05000US47083,8201,47083,1.5808906944820052e-05
Wyoming County,1029198657,20028557,41.5251726,-76.008731,05000US42131,27078,42131,2.630978948119634e-05
Lenoir County,1033630013,5900299,35.2400662,-77.6355141,05000US37107,56350,37107,5.4516605836986275e-05
Vigo County,1045344987,17716575,39.4291426,-87.3903754,05000US18167,107305,18167,0.0001026503224623968
Elkhart County,1199580232,12457801,41.6006928,-85.8639864,05000US18039,205184,18039,0.0001710464998726321
Grayson County,1144218746,9792929,36.6522288,-81.215324,05000US51077,15651,51077,1.3678328601688545e-05
Lubbock County,2319597749,13210797,33.6114688,-101.8199438,05000US48303,308392,48303,0.000132950637727145
Meeker County,1574633146,94919645,45.1231555,-94.527346,05000US27093,23149,27093,1.4701202028424721e-05
Ashland County,1095530837,9966470,40.843273,-82.2701271,05000US39005,53533,39005,4.8864895621372636e-05
Madison County,1483084608,7325865,41.9099293,-97.6068564,05000US31119,35023,31119,2.3614970994291378e-05
Martin County,1408491293,542091557,27.0836036,-80.3982011,05000US12085,160420,12085,0.00011389491777284278
Mineral County,2268209076,5222161,37.5490672,-107.003236,05000US08079,853,08079,3.760676249053154e-07
Dawson County,546042258,9272655,34.4426077,-84.1732611,05000US13085,25277,13085,4.629128905257732e-05
Johnson County,784815230,9256633,32.6945842,-82.6639696,05000US13167,9717,13167,1.2381258197550524e-05
Monroe County,1573336900,35707672,34.6795117,-91.2033099,05000US05095,6879,05095,4.372235851075507e-06
Dallas County,1401057564,4909180,37.6835825,-93.0338146,05000US29059,16841,29059,1.2020205616619475e-05
Pittsylvania County,2509705676,23903849,36.8217206,-79.3985019,05000US51143,60867,51143,2.4252644675454764e-05
Denali Borough,32740165582,66105677,63.6820386,-150.0270164,05000US02068,2502,02068,7.641989450949992e-08
Pawnee County,1953531647,992041,38.1814768,-99.2347717,05000US20145,6539,20145,3.347271087234145e-06
Wyandotte County,392739381,11801597,39.1153842,-94.7630866,05000US20209,165447,20209,0.0004212640952346971
Dixie County,1826029565,876347537,29.5526748,-83.2362319,05000US12029,16740,12029,9.16743097749351e-06
Tuscola County,2084554697,282463217,43.4879024,-83.436618,05000US26157,52683,26157,2.5273023574684353e-05
Southeast Fairbanks Census Area,64312145207,749823085,63.8649972,-143.2186282,05000US02240,6911,02240,1.0746026240853459e-07
Graham County,2327173854,599356,39.3549716,-99.8798939,05000US20065,2464,20065,1.0587949824912394e-06
St. Landry Parish,2393224007,39013551,30.5834409,-91.9892745,05000US22097,82786,22097,3.459183083483083e-05
Giles County,1582304899,642572,35.2027228,-87.035319,05000US47055,29403,47055,1.8582385745365754e-05
Lucas County,879723724,663488658,41.6823213,-83.4689033,05000US39095,430319,39095,0.0004891524330427174
Mississippi County,2336409934,72224609,35.7669437,-90.0522072,05000US05093,41396,05093,1.7717781198237277e-05
Rincón Municipio,37005459,103924382,18.3389797,-67.2507707,05000US72117,13849,72117,0.0003742420814183118
Floyd County,384564471,2706773,38.3180811,-85.9118469,05000US18043,77879,18043,0.0002025122076344905
Morton County,1889993632,507796,37.1852495,-101.8095163,05000US20129,2656,20129,1.405295740171044e-06
Grant County,668157704,7243449,38.649167,-84.6259245,05000US21081,25107,21081,3.757645814707242e-05
Taylor County,689891733,27072003,37.3662101,-85.3280585,05000US21217,25572,21217,3.706668565051496e-05
Graham County,756189029,25057776,35.3483644,-83.8309147,05000US37075,8501,37075,1.1241898088949926e-05
Logan County,1175120719,4748336,37.8305905,-81.940853,05000US54045,32593,54045,2.773587383238028e-05
Pleasants County,337007574,11468023,39.3681331,-81.1611724,05000US54073,7457,54073,2.2127099137540452e-05
Giles County,925207102,11232500,37.3180719,-80.698321,05000US51071,16760,51071,1.811486310877886e-05
Fayette County,1713569360,17443841,38.0309328,-81.0860508,05000US54019,43087,54019,2.5144590587217316e-05
Snohomish County,5404075989,282894902,48.054913,-121.7650375,05000US53061,811572,53061,0.000150177755022682
Eddy County,10816688007,56493049,32.4578347,-104.3064338,05000US35015,57865,35015,5.3496042376883545e-06
McPherson County,2225460624,2680669,41.6484137,-101.1208507,05000US31117,420,31117,1.8872497471786318e-07
Red Willow County,1857036304,2591016,40.1694196,-100.4685764,05000US31145,10725,31145,5.775331358303914e-06
Rock County,2611466193,8807741,42.394749,-99.4208512,05000US31149,1430,31149,5.475851090215511e-07
Humphreys County,1374668727,67184110,36.0408218,-87.7904526,05000US47085,18528,47085,1.3478156326749695e-05
Mason County,1396914848,62748513,40.2369926,-89.9135746,05000US17125,13486,17125,9.654131759933873e-06
Wythe County,1196450502,7232493,36.8998674,-81.0830007,05000US51197,28725,51197,2.4008515147081278e-05
Washington County,1757373959,15099021,32.9718435,-82.7981123,05000US13303,20316,13303,1.1560430775678747e-05
Yakima County,11122734368,41188783,46.4565581,-120.7401446,05000US53077,250649,53077,2.2534836462616133e-05
Washington County,2438398331,27945135,35.978001,-94.2172695,05000US05143,236198,05143,9.686604399172712e-05
Henderson County,2263082389,193353703,32.2116334,-95.8534183,05000US48213,81969,48213,3.6220068875274166e-05
Eau Claire County,1652211227,18848551,44.7263547,-91.2864137,05000US55035,104132,55035,6.30258397342315e-05
Sequatchie County,688550848,498315,35.3723358,-85.410082,05000US47153,14936,47153,2.1691934652878387e-05
Walker County,2031126325,44745757,30.7431631,-95.5698246,05000US48471,72295,48471,3.5593551769853606e-05
Coconino County,48216135399,116631422,35.8296919,-111.7737277,05000US04005,142254,04005,2.950340146982214e-06
Sumner County,3060505685,8512878,37.2366617,-97.4933519,05000US20191,22928,20191,7.491572426208383e-06
Oceana County,1393686390,1988709489,43.6039542,-86.467177,05000US26127,26545,26127,1.9046609187307912e-05
Kanabec County,1350962864,31252182,45.9477598,-93.2977883,05000US27065,16205,27065,1.1995148372931145e-05
Ashtabula County,1818345034,1724513202,41.9066369,-80.7455916,05000US39007,97416,39007,5.357399073249813e-05
Alpine County,1912292607,12557304,38.6217831,-119.7983522,05000US06003,1159,06003,6.060787955553708e-07
Galveston County,982346326,1281011355,29.233453,-94.8884558,05000US48167,337600,48167,0.00034366698491627485
Bullock County,1613083467,6030667,32.1017589,-85.7172613,05000US01011,10173,01011,6.306555245352347e-06
Livingston County,2702983878,5975815,40.8943761,-88.5528518,05000US17105,35757,17105,1.3228713752616766e-05
Preble County,1098741137,6062721,39.7388104,-84.6447584,05000US39135,40995,39135,3.731088117073021e-05
Jackson County,1088598926,3167846,39.0134773,-82.614142,05000US39079,32440,39079,2.9799772189009123e-05
Harris County,4421015900,182431712,29.857273,-95.3930371,05000US48201,4680609,48201,0.0010587179747532688
Middlesex County,2118236393,75318289,42.4817182,-71.3949161,05000US25017,1605899,25017,0.000758130209313234
Vega Baja Municipio,118745080,57827591,18.4551279,-66.3978832,05000US72145,51089,72145,0.0004302409834580094
Dawson County,2331781561,4720730,32.742528,-101.9487714,05000US48115,12849,48115,5.510378937249002e-06
Ontario County,1668147120,47854414,42.8563575,-77.3034967,05000US36069,109774,36069,6.58059464203613e-05
Autauga County,1539634184,25674812,32.5322367,-86.6464395,05000US01001,55639,01001,3.613780505668482e-05
Miami County,1491519067,37235270,38.5667718,-94.8329626,05000US20121,33740,20121,2.2621232773016908e-05
Dodge County,1284538002,18529136,32.164369,-83.1678658,05000US13091,20725,13091,1.6134205424620828e-05
Cortland County,1291817953,7110638,42.594039,-76.0762398,05000US36023,47618,36023,3.6861231018980894e-05
Camden County,1632622505,392508756,30.913358,-81.6420193,05000US13039,53960,13039,3.305111857440676e-05
Washtenaw County,1828539717,42523319,42.2522168,-83.8434233,05000US26161,368385,26161,0.00020146404071790802
LaGrange County,983236299,18318588,41.6424623,-85.4278448,05000US18087,39537,18087,4.021108663320413e-05
Pecos County,12338274936,2532275,30.773298,-102.7181533,05000US48371,15725,48371,1.2744893497322209e-06
Peach County,389234765,2678496,32.5713241,-83.8319779,05000US13225,27502,13225,7.065658690584845e-05
White County,623524633,3917258,34.6441817,-83.7430004,05000US13311,29962,13311,4.805263242903829e-05
Jefferson County,1363771357,8059597,33.0581756,-82.4200036,05000US13163,15489,13163,1.1357475665182194e-05
Oconto County,2583464370,392038653,44.9965754,-88.2065162,05000US55083,37870,55083,1.4658611297201671e-05
Nacogdoches County,2450966944,89731149,31.6205598,-94.6202497,05000US48347,65080,48347,2.6552785691099064e-05
Washington County,852827573,604769755,41.396792,-71.620282,05000US44009,126139,44009,0.00014790680319619543
Okanogan County,13639398051,120413773,48.5484533,-119.7422347,05000US53047,42080,53047,3.0851801408431523e-06
Spokane County,4569307859,43418590,47.6203752,-117.4033714,05000US53063,513402,53063,0.00011235881140920954
Forest County,2626878527,83594162,45.6668806,-88.7733265,05000US55041,9003,55041,3.4272616367540164e-06
Sawyer County,3257188233,239912003,45.8649115,-91.1471333,05000US55113,16477,55113,5.0586575970845955e-06
Hudson County,119640822,41836491,40.7313751,-74.0786014,05000US34017,671923,34017,0.005616168367683064
Stark County,1489930012,13646459,40.8141314,-81.3656673,05000US39151,371516,39151,0.0002493513097983021
Guadalupe County,1842136053,9157037,29.5826714,-97.9489953,05000US48187,163030,48187,8.850052075931006e-05
Island County,539943913,799920796,48.1585538,-122.6706492,05000US53029,84187,53029,0.00015591804625085198
Jefferson County,542072983,6150170,39.3073985,-77.86322,05000US54037,56922,54037,0.00010500800037104966
Prince William County,868309976,30837608,38.7011187,-77.4795791,05000US51153,466834,51153,0.0005376351912372823
Chester County,1943905797,22412288,39.9740287,-75.7497512,05000US42029,521980,42029,0.0002685212425445532
Mercer County,1085106057,4442450,37.4034477,-81.106456,05000US54055,59370,54055,5.4713545848357565e-05
Roane County,934370822,88614648,35.8472504,-84.5239292,05000US47145,53331,47145,5.707691073426948e-05
Clallam County,4503318282,2409404421,48.1109034,-123.8898599,05000US53009,76482,53009,1.6983476452397907e-05
Stevens County,6415653629,162946193,48.3887277,-117.8544548,05000US53065,45233,53065,7.050411792110793e-06
Van Buren County,1255605714,14880499,40.7541168,-91.952943,05000US19177,7104,19177,5.657827071659854e-06
Gosper County,1186616217,11831826,40.5090947,-99.8232058,05000US31073,2001,31073,1.6863076463415635e-06
Monroe County,1981578016,18140832,33.8900295,-88.4850379,05000US28095,35559,28095,1.794478931078331e-05
Escambia County,1701603649,1213972864,30.5299979,-87.3203222,05000US12033,316691,12033,0.00018611325862289568
Tarrant County,2241078404,99782500,32.7721191,-97.2912241,05000US48439,2077153,48439,0.0009268542306652828
Prince George's County,1250057213,41922695,38.8292778,-76.848188,05000US24033,910551,24033,0.00072840746049917
Scott County,1387786258,8105326,36.7127756,-82.6136238,05000US51169,21761,51169,1.5680368554276316e-05
Jackson County,2148246693,71039573,28.9598019,-96.58908,05000US48239,14822,48239,6.899580038129261e-06
Love County,1331030675,47500741,33.9578039,-97.2450928,05000US40085,10128,40085,7.609140938844253e-06
Twiggs County,930478093,8740237,32.6658469,-83.4258792,05000US13289,8195,13289,8.807300313302486e-06
Mahoning County,1065748187,35455920,41.0108798,-80.7703956,05000US39099,228452,39099,0.00021435832853075265
Macon County,1576435594,11765508,32.3870267,-85.692887,05000US01087,18437,01087,1.1695371552236088e-05
Wayne County,1848810380,4224962,38.4318573,-88.4324302,05000US17191,16309,17191,8.821348136308061e-06
Swisher County,2305502705,27277988,34.5263193,-101.7438647,05000US48437,7403,48437,3.2110133655210785e-06
Osage County,1571034361,17734586,38.4642535,-91.8595036,05000US29151,13613,29151,8.664991891924634e-06
Kane County,1345149889,12474716,41.9395938,-88.4280395,05000US17089,531756,17089,0.00039531356642739165
El Dorado County,4423309715,203342317,38.7856116,-120.5342245,05000US06017,190345,06017,4.303225689906274e-05
Kershaw County,1881916535,35348695,34.3383561,-80.5908847,05000US45055,65926,45055,3.5031309186089916e-05
Gates County,882181709,13292008,36.4421353,-76.7023552,05000US37073,11519,37073,1.3057400626745481e-05
Otero County,3268424301,20092555,37.8841698,-103.7212597,05000US08089,18284,08089,5.594132926500965e-06
Douglas County,13042430333,251869766,43.2863277,-123.154476,05000US41019,110015,41019,8.435161023757948e-06
Monroe County,1575636945,22673964,41.0562401,-75.3290651,05000US42089,168824,42089,0.00010714651020067317
Newton County,2126566287,5935948,35.9107423,-93.2158984,05000US05101,7753,05101,3.6457833679557435e-06
Cavalier County,3856816536,53639348,48.7684388,-98.4637903,05000US38019,3769,38019,9.77230823613125e-07
Noble County,1895123227,28103707,36.384901,-97.2363345,05000US40103,11263,40103,5.943149152274097e-06
Gove County,2775601942,245369,38.9172385,-100.4873598,05000US20063,2650,20063,9.547478548348703e-07
Pointe Coupee Parish,1442300231,86716680,30.708319,-91.6046207,05000US22077,21883,22077,1.5172291822228794e-05
Gage County,2205273758,22012188,40.2552337,-96.6834528,05000US31067,21548,31067,9.771122483923378e-06
St. Clair County,1635759732,56431785,33.7194907,-86.3113273,05000US01115,88929,01115,5.436556375627909e-05
Scott County,1577902083,3001523,32.4119595,-89.5334861,05000US28123,28288,28123,1.7927601658410386e-05
Dougherty County,851183381,15352851,31.5325876,-84.20904,05000US13095,88696,13095,0.00010420316230304784
Harrison County,1253823026,5278989,38.1864535,-86.1037661,05000US18061,40164,18061,3.203322890642144e-05
Bonner County,4489020248,478920605,48.3167955,-116.612362,05000US16017,44688,16017,9.954956211193281e-06
Catoosa County,419998923,771159,34.9002118,-85.1393851,05000US13047,67181,13047,0.00015995517207552457
LaSalle Parish,1618363236,97655624,31.6800826,-92.1615956,05000US22059,14950,22059,9.237728383493753e-06
Waldo County,1890616317,318014823,44.5058217,-69.1389608,05000US23027,39723,23027,2.1010608891301556e-05
Howard County,649956422,6336170,39.2522639,-76.9244057,05000US24027,322407,24027,0.0004960440255485313
Salt Lake County,1921953041,164895908,40.6678828,-111.9242397,05000US49035,1146215,49035,0.0005963803358086312
Hartford County,1903467948,40619801,41.8060534,-72.7329157,05000US09003,892153,09003,0.00046869872483925847
Windham County,1328477629,21478813,41.8249987,-71.9907017,05000US09015,116657,09015,8.78125438121322e-05
Monroe County,2546067521,11153842007,25.5861198,-81.0226025,05000US12087,75137,12087,2.9511000545063705e-05
Tuscarawas County,1469530293,10408848,40.4474903,-81.4711052,05000US39157,92165,39157,6.271731888687238e-05
Richmond County,148982680,117441533,40.5612628,-74.1398995,05000US36085,475596,36085,0.003192290540081572
Highland County,1432479980,12194983,39.1844221,-83.601359,05000US39071,43080,39071,3.0073718726596096e-05
Lake of the Woods County,3361396303,1248338649,48.7681003,-94.9046335,05000US27077,3747,27077,1.1147153332250214e-06
Bingham County,5422741967,68632371,43.2163568,-112.3992058,05000US16011,46246,16011,8.528157946925967e-06
Cabo Rojo Municipio,182247776,277245345,17.9971375,-67.1808622,05000US72023,47977,72023,0.0002632514977850813
Humacao Municipio,115818102,69100039,18.1354025,-65.7862286,05000US72069,51586,72069,0.0004454053305069703
Juncos Municipio,68609110,323994,18.2241334,-65.9085417,05000US72077,38471,72077,0.000560727285341553
Greenville County,2035557951,24973599,34.8926452,-82.3720772,05000US45045,516126,45045,0.000253555050961062
Lyman County,4253498542,167300393,43.8948122,-99.8419253,05000US46085,3831,46085,9.006703451692403e-07
Trempealeau County,1898383310,23321910,44.3030501,-91.3588668,05000US55121,29525,55121,1.5552707319155686e-05
Yolo County,2628145869,22877242,38.6796091,-121.90275,05000US06113,218774,06113,8.32427159316095e-05
Sterling County,2391722770,167451,31.8357735,-101.0549114,05000US48431,1274,48431,5.326704315316612e-07
Winkler County,2178876165,19838,31.8328615,-103.0549246,05000US48495,7822,48495,3.5899240744597343e-06
Jackson County,4827433521,19106096,43.677506,-101.6263229,05000US46071,3296,46071,6.827644514754986e-07
Sevier County,4948000056,20260728,38.7468245,-111.8119299,05000US49041,21475,49041,4.340137380143958e-06
Charles City County,473711548,55274680,37.3610537,-77.05417,05000US51036,6965,51036,1.4703040340490075e-05
Choctaw County,2365900081,19114321,31.9909539,-88.2488894,05000US01023,12755,01023,5.391182874725976e-06
Knox County,1335984786,20892977,38.688391,-87.4203544,05000US18083,36833,18083,2.756992473715191e-05
Dawson County,2623809793,16509199,40.86784,-99.8155833,05000US31047,23638,31047,9.009037188237981e-06
Ford County,2844508242,2097356,37.6884159,-99.8847484,05000US20057,33718,20057,1.1853718509984898e-05
Williams County,5380959456,181836562,48.3557649,-103.5013332,05000US38105,36044,38105,6.698433670562114e-06
Cass County,4571159457,7449198,46.9270033,-97.2523747,05000US38017,179937,38017,3.936353603339198e-05
Hardin County,459435094,10485761,37.5178517,-88.2661478,05000US17069,3890,17069,8.466919594958064e-06
Arthur County,1852234549,7644718,41.5719297,-101.6959166,05000US31005,439,31005,2.3701102014159654e-07
Frio County,2935753502,2193621,28.8693828,-99.109005,05000US48163,20013,48163,6.81698922827343e-06
Johnson County,1587662015,26064625,41.670668,-91.5905285,05000US19103,150819,19103,9.499439967391296e-05
Neosho County,1480129682,16350961,37.5642832,-95.3156822,05000US20133,16008,20133,1.0815268550232344e-05
Greenup County,892153290,25863982,38.5635616,-82.9338199,05000US21089,35359,21089,3.9633323551382075e-05
Linn County,1538662702,31893232,38.2165494,-94.8449321,05000US20107,9687,20107,6.295726794058598e-06
Garfield County,13403572593,85610782,37.8316645,-111.4509076,05000US49017,5000,49017,3.730348730017879e-07
Eureka County,10814982421,11058701,39.9777878,-116.2722082,05000US32011,1839,32011,1.7004188526734177e-07
Hayes County,1846821531,570786,40.5372337,-101.0479627,05000US31085,889,31085,4.813675740062617e-07
Phillips County,1781724976,301808,40.5947117,-102.3451047,05000US08095,4343,08095,2.437525464648367e-06
Calhoun County,1628067881,9885352,33.5604604,-92.513879,05000US05013,5160,05013,3.169401018359627e-06
Fairbanks North Star Borough,18997068212,259343323,64.6760436,-146.5481586,05000US02090,98455,02090,5.1826418108983945e-06
Henderson County,1130079863,75695856,37.7925421,-87.5725767,05000US21101,45550,21101,4.0306885815201894e-05
Holmes County,1959776830,20568825,33.1259415,-90.0911968,05000US28051,17414,28051,8.885705623940865e-06
Oktibbeha County,1186834318,9566078,33.4223134,-88.8761514,05000US28105,49593,28105,4.178595044637056e-05
Ceiba Municipio,75201649,336178484,18.2532647,-65.6207649,05000US72037,11207,72037,0.00014902598744875927
Corozal Municipio,110248542,16284,18.3039098,-66.3261795,05000US72047,32928,72047,0.00029867061643318603
Fergus County,11238811035,27700317,47.2218156,-109.2329562,05000US30027,11167,30027,9.936104419963674e-07
Garrett County,1681102437,22498420,39.5472985,-79.2746192,05000US24023,29155,24023,1.7342786113634072e-05
Webster Parish,1536612362,56022945,32.7321522,-93.3398245,05000US22119,38813,22119,2.5258810198222264e-05
Hillsdale County,1549207166,22939100,41.9274606,-84.6374794,05000US26059,45707,26059,2.9503478297233747e-05
Logan County,1430224002,12479211,36.859607,-86.8812881,05000US21141,27049,21141,1.8912422083656236e-05
Custer County,4032463966,5490769,43.6849428,-103.46225,05000US46033,8826,46033,2.188736235318414e-06
Merrimack County,2416197730,57178203,43.2995786,-71.6800412,05000US33013,150902,33013,6.245432570619956e-05
York County,2342295972,16503210,39.9217514,-76.7288887,05000US42133,447628,42133,0.0001911065063301061
Rutherford County,1464476090,4692959,35.4027469,-81.9195825,05000US37161,66741,37161,4.557329440591959e-05
Beadle County,3260011987,15834230,44.4182649,-98.2794224,05000US46005,18338,46005,5.625132690654736e-06
Cullman County,1902962812,52533095,34.1319229,-86.8692666,05000US01043,83345,01043,4.379749276992177e-05
Douglas County,518355012,2423527,33.7012421,-84.7673139,05000US13097,145063,13097,0.0002798526041839449
Johnson County,974029895,1704834,40.3949552,-96.2652638,05000US31097,5118,31097,5.254458848000759e-06
Washington County,897456201,195282199,35.844713,-76.5722906,05000US37187,11788,37187,1.3134902836333514e-05
Jones County,2511438719,3147179,43.951991,-100.6861382,05000US46075,873,46075,3.476095169654824e-07
Anson County,1376478143,14603213,34.9749722,-80.1097633,05000US37007,24430,37007,1.774819318725644e-05
Haines Borough,6069358955,1041214321,59.0984037,-135.5757906,05000US02100,2547,02100,4.1964893144139307e-07
Billings County,2974571272,11986463,47.007044,-103.3640163,05000US38007,886,38007,2.978580504491607e-07
Antelope County,2220025613,3716675,42.1832253,-98.0580367,05000US31003,6315,31003,2.84456177578344e-06
Gasconade County,1344216322,18008168,38.4411826,-91.5057795,05000US29073,14673,29073,1.091565379757381e-05
Butler County,1103571982,13943050,37.2070133,-86.6824707,05000US21031,12756,21031,1.1558829154834415e-05
Campbell County,12437291886,11010427,44.1919991,-105.5170141,05000US56005,46958,56005,3.775580763916792e-06
Morgan County,899791096,18672319,33.5986957,-83.4994346,05000US13211,18832,13211,2.0929302461112595e-05
Cross County,1596255194,15389371,35.2856921,-90.7639835,05000US05037,16576,05037,1.0384304503631893e-05
Phillips County,1788024160,95966884,34.4236874,-90.8555931,05000US05107,18151,05107,1.0151428826330848e-05
St. James Parish,616057915,38773983,30.0247772,-90.7939562,05000US22093,21142,22093,3.4318202047611056e-05
Yuba County,1636887865,31084093,39.27013,-121.3442587,05000US06115,77524,06115,4.736060524219232e-05
Shelby County,2034279155,62288767,33.2630428,-86.6780894,05000US01117,216350,01117,0.00010635216876122392
Ouray County,1400332623,3986292,38.1547313,-107.7884802,05000US08091,4890,08091,3.4920274795311973e-06
Curry County,3640295680,7992977,34.5729841,-103.3460546,05000US35009,49502,35009,1.3598345945349142e-05
Washita County,2597989577,14579003,35.2894967,-98.9914359,05000US40149,11066,40149,4.259447419638358e-06
Orange County,1029673918,8806896,36.0625255,-79.120034,05000US37135,146354,37135,0.00014213626026798128
Pulaski County,1123212810,2224813,41.0452718,-86.6925383,05000US18131,12482,18131,1.1112764997756747e-05
Benzie County,828014457,1398245676,44.6368444,-86.2319991,05000US26019,17703,26019,2.138006148363663e-05
Erie County,2700660508,476879106,42.752759,-78.7781922,05000US36029,918873,36029,0.00034024009951568487
Montgomery County,1277148686,35731155,39.1373815,-77.2030633,05000US24031,1047661,24031,0.0008203124753479173
Manassas Park city,7857548,1609,38.7693983,-77.442323,05000US51685,17548,51685,0.002233266662831713
Arlington County,67332990,273562,38.8783374,-77.1007034,05000US51013,236434,51013,0.003511413944338429
Carroll County,1229582400,7586185,36.7319632,-80.7278307,05000US51035,29911,51035,2.4326145201818113e-05
St. Charles County,1451692101,82663655,38.7811023,-90.6749153,05000US29183,398472,29183,0.0002744879576912432
San Benito County,3596591085,4719300,36.6116507,-121.0858108,05000US06069,61547,06069,1.7112593159864323e-05
Queen Anne's County,962673214,360020725,39.0406929,-76.0824053,05000US24035,50163,24035,5.210802510185975e-05
Brown County,1478550072,3196147,39.8259308,-95.5699047,05000US20013,9575,20013,6.475938949465622e-06
Bulloch County,1750735216,32827779,32.3944811,-81.7416185,05000US13031,77719,13031,4.4392206936677054e-05
Floyd County,1018604451,6267339,37.552456,-82.7397239,05000US21071,35931,21071,3.52747329591239e-05
Broadwater County,3088195855,118487318,46.3298486,-111.4978728,05000US30007,6080,30007,1.9687870476725317e-06
Wheeler County,765314383,12377032,32.105258,-82.7338492,05000US13309,7897,13309,1.031863528951866e-05
Craven County,1830014545,172777667,35.1168292,-77.0813197,05000US37049,102290,37049,5.589573059923412e-05
Holt County,1198369593,19839053,40.095724,-95.2190716,05000US29087,4374,29087,3.6499590990540095e-06
Lipscomb County,2414422644,298741,36.2801998,-100.2726827,05000US48295,3301,48295,1.3672005637468665e-06
Columbia County,1705984341,78454245,45.941932,-123.081079,05000US41009,52117,41009,3.054951839091939e-05
Florence County,2073299557,9766894,34.0285346,-79.7102329,05000US45041,138237,45041,6.667488040176146e-05
Mountrail County,4727150568,301102218,48.2100726,-102.3648952,05000US38061,10348,38061,2.189056568252725e-06
Washington County,6287037039,7781671,37.2625308,-113.4878003,05000US49053,172127,49053,2.7378079520170614e-05
Big Horn County,12944280256,47395459,45.4078679,-107.5181619,05000US30003,13302,30003,1.027635352211583e-06
Elk County,2141664734,12791578,41.4273317,-78.6539366,05000US42047,30077,42047,1.4043748081813444e-05
Sioux County,5352785007,1665309,42.4706681,-103.7321705,05000US31165,1298,31165,2.4249059102926157e-07
Covington County,1071784952,2880713,31.633331,-89.5488968,05000US28031,18810,28031,1.7550162432211493e-05
Moca Municipio,130383565,56474,18.3776374,-67.0795736,05000US72099,35547,72099,0.0002726340547598925
Brown County,808043849,12025990,39.1951133,-86.2301205,05000US18013,15093,18013,1.8678441793324014e-05
Clark County,965625489,9732754,38.4762174,-85.7111221,05000US18019,117410,18019,0.00012158958243903605
Boyle County,467104135,6450463,37.6181043,-84.8683523,05000US21021,30090,21021,6.441818375253732e-05
Estill County,655509950,6516334,37.6924493,-83.9639825,05000US21065,14187,21065,2.164269207507834e-05
Collingsworth County,2378749928,2279194,34.9633577,-100.2721351,05000US48087,2939,48087,1.2355228960410503e-06
Colorado County,2487142713,34691168,29.596296,-96.5089347,05000US48089,21357,48089,8.586962014028987e-06
Grundy County,1082940544,32131734,41.2924096,-88.4010545,05000US17063,50798,17063,4.690746900321058e-05
Lincoln County,1390265112,30167787,44.4082382,-96.2720323,05000US27081,5641,27081,4.057499502296365e-06
Evans County,473694905,10295112,32.1530834,-81.890153,05000US13109,10671,13109,2.2527158066012976e-05
Wise County,2342369110,47038990,33.2190947,-97.6539968,05000US48497,67884,48497,2.8980914967752456e-05
Bethel Census Area,105223804364,12764675306,60.9291413,-160.1526246,05000US02050,18263,02050,1.735633881552403e-07
Webster County,543010089,2338844,32.0466911,-84.5538279,05000US13307,2587,13307,4.764184040786764e-06
Jones County,1020304152,3820256,33.0216636,-83.5621958,05000US13169,28622,13169,2.805241941228521e-05
Gwinnett County,1115653877,15611813,33.9587564,-84.0257351,05000US13135,926414,13135,0.0008303776100264473
Polk County,2368077722,109025818,45.4620407,-92.447066,05000US55095,43549,55095,1.8390021406569356e-05
Green County,1512667175,1313241,42.6755218,-89.6050743,05000US55045,36790,55045,2.4321278737340222e-05
Orocovis Municipio,164788358,402899,18.2187334,-66.4368987,05000US72107,20608,72107,0.0001250573781431817
Putnam County,596224258,41226168,41.4279067,-73.7438608,05000US36079,98714,36079,0.0001655652192534575
Newport News city,178679454,131135058,37.0761357,-76.5219802,05000US51700,179582,51700,0.0010050512019137913
Bent County,3918255148,73141518,37.9318907,-103.0775841,05000US08011,5677,08011,1.4488591951184492e-06
Jackson County,2078860507,4114418,34.5940059,-99.4122347,05000US40065,24808,40065,1.1933460622521702e-05
Sanders County,7149405332,76393912,47.7564968,-115.1803062,05000US30089,11804,30089,1.6510464090162178e-06
Glasscock County,2331552974,2245302,31.8680062,-101.5214944,05000US48173,1447,48173,6.206163943671992e-07
Franklin County,1577206794,28920052,35.5085579,-93.8876647,05000US05047,17785,05047,1.1276263878432165e-05
Major County,2473438554,7651007,36.3131189,-98.5420147,05000US40093,7654,40093,3.094477519007735e-06
Montgomery County,1396441787,12068782,36.5003535,-87.3808865,05000US47125,204992,47125,0.00014679595090060134
Pend Oreille County,3626617235,65406812,48.5438247,-117.2321913,05000US53051,13588,53051,3.7467422447740064e-06
McLean County,5465546324,563843611,47.6532061,-101.4219144,05000US38055,9531,38055,1.7438329921654873e-06
Hood River County,1352200146,29043701,45.5117753,-121.6559762,05000US41027,23270,41027,1.7208990894458905e-05
Wright County,1503268877,4703964,42.7330073,-93.7347352,05000US19197,12644,19197,8.411003642430895e-06
Shelby County,2060566466,101081677,31.7901394,-94.1425794,05000US48419,25263,48419,1.2260220874622348e-05
Crawford County,1923005890,3306286,37.9665593,-91.3139358,05000US29055,23984,29055,1.2472140685954945e-05
Bath County,1370626043,14039993,38.0683679,-79.7312032,05000US51017,4248,51017,3.09931364699744e-06
Otter Tail County,5106508612,654472630,46.4057273,-95.7145815,05000US27111,58416,27111,1.1439518551427834e-05
Plaquemines Parish,2020635364,4628476563,29.282447,-89.5760676,05000US22075,23305,22075,1.1533501004291045e-05
Pontotoc County,1289330916,8308394,34.2270808,-89.0372387,05000US28115,31996,28115,2.481597206965601e-05
Morehouse Parish,2058910717,28888046,32.8200082,-91.8003988,05000US22067,25189,22067,1.22341390483908e-05
Bullitt County,769360733,8320823,37.9699453,-85.7026354,05000US21029,80921,21029,0.00010517952961345118
Dallas County,2534919608,39124778,32.3335263,-87.11436,05000US01047,38184,01047,1.5063199590036072e-05
Comanche County,2428768926,25719485,31.9516447,-98.5496169,05000US48093,13597,48093,5.598309437527776e-06
Lincoln County,9356484224,161555792,48.5523847,-115.4631849,05000US30053,19845,30053,2.120988987412202e-06
San Lorenzo Municipio,137547962,256428,18.1471074,-65.9761674,05000US72129,36586,72129,0.0002659872197888326
Toa Alta Municipio,69972569,1405465,18.3645557,-66.2446686,05000US72135,72450,72135,0.0010354057459288082
Cass County,5235592066,1016598358,46.9517447,-94.3337048,05000US27021,29462,27021,5.627252778406208e-06
Archuleta County,3496712164,13740247,37.2023952,-107.0508634,05000US08007,13588,08007,3.88593609159304e-06
Yazoo County,2388847327,30612555,32.7656747,-90.3879282,05000US28163,28511,28163,1.1935044855212716e-05
Outagamie County,1651265932,18261063,44.4182258,-88.4649883,05000US55087,186829,55087,0.0001131428901786366
Lafayette County,1627237794,27073170,39.0687048,-93.8026388,05000US29107,32697,29107,2.009355984759041e-05
Wilson County,952013027,14332439,35.7003569,-77.9215978,05000US37195,81579,37195,8.569105430949108e-05
Morrow County,1051881045,2819351,40.5252659,-82.7977288,05000US39117,35148,39117,3.341442472708499e-05
Granite County,4473328972,14546367,46.3959554,-113.4273564,05000US30039,3325,30039,7.432943163385123e-07
Foster County,1642258774,33103934,47.4714315,-98.8728755,05000US38031,3231,38031,1.96741223195316e-06
Crawford County,1541738667,27519858,35.5830114,-94.2362187,05000US05033,63118,05033,4.093949341156402e-05
Burnet County,2576525865,69856136,30.7896305,-98.2011868,05000US48053,47548,48053,1.8454307269296517e-05
Ste. Genevieve County,1292800352,19739769,37.8858449,-90.1615306,05000US29186,17887,29186,1.3835856381326232e-05
Gray County,2398261679,8700790,35.4025424,-100.8123736,05000US48179,22063,48179,9.199579926240401e-06
McDonough County,1526339603,2012552,40.4558082,-90.6789543,05000US17109,30107,17109,1.9724968113796624e-05
Montgomery County,1098405771,2410446,41.0217348,-95.1577896,05000US19137,10016,19137,9.118670225923276e-06
Jackson County,1641044497,20284490,35.5964674,-91.2232051,05000US05067,16908,05067,1.0303194112596935e-05
Hudspeth County,11837605339,2189943,31.4508678,-105.3775489,05000US48229,4687,48229,3.9594156637054616e-07
Rapides Parish,3419856810,106464882,31.1932037,-92.5359531,05000US22079,130376,22079,3.812323358649627e-05
Lincoln County,6641092845,28436694,41.0503221,-100.7444808,05000US31111,35042,31111,5.2765411985442584e-06
Cass County,2426683493,60494148,33.0836979,-94.3575786,05000US48067,30002,48067,1.2363375811696758e-05
Henry County,1455320362,81582236,36.325295,-88.3002878,05000US47079,32251,47079,2.2160756381968358e-05
Winchester city,23809500,54462,39.1738688,-78.1763562,05000US51840,27912,51840,0.0011723051723051723
Duplin County,2110115795,14237879,34.9344033,-77.9335434,05000US37061,58965,37061,2.794396408942098e-05
Haywood County,1433713844,2438478,35.5588823,-82.9813074,05000US37087,61862,37087,4.3148080252477496e-05
Dakota County,1456967786,62978183,44.670893,-93.0624813,05000US27037,425271,27037,0.0002918877164522291
Harney County,26248072905,241568254,43.0644492,-118.9871695,05000US41025,7310,41025,2.784966357894989e-07
Maunabo Municipio,54816716,44549509,17.9997862,-65.8964028,05000US72095,10568,72095,0.00019278790798047806
Adams County,1672216054,108348982,43.9737568,-89.7672276,05000US55001,20208,55001,1.2084562848001459e-05
Clark County,1306924727,18695976,40.4072747,-91.729472,05000US29045,6783,29045,5.190046419559403e-06
Boone County,637882924,26460891,38.9589002,-84.7363707,05000US21015,132368,21015,0.00020751143355579151
Washington County,769154197,10947539,37.7542085,-85.1754162,05000US21229,12044,21229,1.5658758733913532e-05
Avoyelles Parish,2154720636,87260610,31.088503,-91.9832748,05000US22009,40465,22009,1.8779696691965966e-05
Tate County,1048332526,16090912,34.6495527,-89.9431054,05000US28137,28419,28137,2.710876491492166e-05
Worth County,690564983,493903,40.4804994,-94.4191982,05000US29227,2001,29227,2.897627376510054e-06
Sherman County,1465552766,14998613,41.2187425,-98.9728492,05000US31163,3015,31163,2.057244249368774e-06
Campbell County,1900214169,96243697,45.7855747,-100.0021074,05000US46021,1458,46021,7.67281932629353e-07
Harding County,6919333290,16954253,45.5966105,-103.4738711,05000US46063,1178,46063,1.7024761644340448e-07
Gratiot County,1472098896,8369164,43.2923259,-84.60469,05000US26057,40692,26057,2.7642164606310526e-05
Union County,1097235808,5575854,41.0285502,-94.2450907,05000US19175,12303,19175,1.1212721923854676e-05
Massac County,614217978,12784966,37.216119,-88.7056578,05000US17127,14041,17127,2.285996259132617e-05
Logan County,1478101945,1203586,41.5421555,-100.4436647,05000US31113,896,31113,6.061828164362506e-07
Merrick County,1261996225,24655494,41.1697896,-98.0310573,05000US31121,7826,31121,6.201286378649825e-06
Sheridan County,6321862270,74723228,42.5122888,-102.3682795,05000US31161,5215,31161,8.249151558944039e-07
Carlisle County,490647294,24707972,36.85718,-88.976614,05000US21039,4738,21039,9.656631266369524e-06
Natrona County,13831928341,90969261,42.9776447,-106.7682192,05000US56025,80067,56025,5.788563823213925e-06
Worth County,1478137692,10471700,31.5517733,-83.8499598,05000US13321,20346,13321,1.3764617538756328e-05
Morgan County,1045924429,14490388,39.4826458,-86.4474573,05000US18109,70141,18109,6.70612503687874e-05
Ellis County,2423575726,41976132,32.3468783,-96.7969403,05000US48139,179484,48139,7.405751678171413e-05
Pierce County,881777233,7183926,31.353998,-82.2103703,05000US13229,19336,13229,2.19284409671303e-05
Grant County,1072484471,2101804,40.5157575,-85.6549455,05000US18053,66055,18053,6.15906353762021e-05
Flagler County,1259255278,219183435,29.4748909,-81.2862532,05000US12035,112854,12035,8.961963628156419e-05
Lawrence County,1115254005,13188412,31.5500087,-90.1075299,05000US28077,12595,28077,1.129339140996853e-05
Winn Parish,2460497667,17449604,31.9411871,-92.6412694,05000US22127,14165,22127,5.756965426133037e-06
Henry County,2131719192,6804876,41.3500209,-90.1308378,05000US17073,49032,17073,2.3001153333895584e-05
Lincoln County,2540730649,553147948,44.6410607,-123.9112121,05000US41041,49336,41041,1.9418036311490964e-05
York County,2567159622,721379327,43.4260188,-70.6684248,05000US23031,206074,23031,8.027315412488986e-05
Codington County,1780837048,76608858,44.9662852,-97.1988375,05000US46029,28133,46029,1.579762731890335e-05
Pike County,559660500,8595984,33.0811487,-84.3894621,05000US13231,18565,13231,3.317189617634262e-05
Stewart County,1188153054,12598484,32.073225,-84.8349117,05000US13259,6446,13259,5.425226975850537e-06
Monmouth County,1212585330,500431205,40.2870481,-74.1524456,05000US34025,620821,34025,0.0005119812887724776
Clay County,1655581940,5497697,36.3673021,-90.4187041,05000US05021,14710,05021,8.885093298372172e-06
Faulkner County,1676360343,43618226,35.1465478,-92.3369277,05000US05045,124800,05045,7.444700092144807e-05
Delaware County,1910896810,140365481,36.3934371,-94.8081892,05000US40041,42741,40041,2.2366984850427375e-05
Keokuk County,1500056812,1944064,41.3311823,-92.1677213,05000US19107,10163,19107,6.77507672956056e-06
Greene County,1406464909,8423898,39.3554391,-90.3876823,05000US17061,12988,17061,9.234499856263389e-06
Lake County,5462555544,2283914208,47.5171114,-91.4117038,05000US27075,10571,27075,1.93517483069093e-06
Troup County,1072278217,82757751,33.034482,-85.02836,05000US13285,70095,13285,6.537016129648747e-05
Humboldt County,9241565229,1253726036,40.7066554,-123.9261757,05000US06023,136101,06023,1.4727050735184505e-05
Dickson County,1268830618,3682665,36.1455325,-87.3641546,05000US47043,53289,47043,4.1998513626662815e-05
Anoka County,1092881453,62440904,45.2741098,-93.2427232,05000US27003,353775,27003,0.0003237084855167727
Bon Homme County,1459586268,46799495,42.985799,-97.8841987,05000US46009,6914,46009,4.736958788653115e-06
Greene County,1611409727,5099752,36.1794867,-82.8475235,05000US47059,69077,47059,4.286743392607062e-05
Sussex County,1269679003,6740704,36.9266454,-77.2597319,05000US51183,11202,51183,8.822702410240614e-06
St. Joseph County,1185636242,9346832,41.6177233,-86.2880476,05000US18141,270881,18141,0.00022846889324424008
Pembina County,2896993132,7008436,48.7668959,-97.5454045,05000US38067,6850,38067,2.3645206211693567e-06
Bennett County,3068208306,15044356,43.1869121,-101.677181,05000US46007,3430,46007,1.1179162748801971e-06
Vernon Parish,3436185697,35140846,31.1028407,-93.18833,05000US22115,49315,22115,1.4351669073954591e-05
Penobscot County,8798699726,413983093,45.4092843,-68.666616,05000US23019,151696,23019,1.7240729280911933e-05
Talbot County,695561637,539363457,38.7483486,-76.1784757,05000US24041,37087,24041,5.331950186321159e-05
Stephens County,463254409,13035162,34.5535825,-83.2905877,05000US13257,25934,13257,5.598219789420288e-05
Riverside County,18671921166,243201314,33.7298275,-116.0022389,05000US06065,2437864,06065,0.00013056310479926114
Baxter County,1434660641,84907080,36.2802684,-92.3299488,05000US05005,41673,05005,2.904728742746627e-05
Attala County,1903529295,4425860,33.0904678,-89.5886219,05000US28007,18308,28007,9.617923952150156e-06
Story County,1482882553,2862354,42.0375379,-93.4660934,05000US19169,97355,19169,6.565253586876614e-05
Bourbon County,1645836643,9402853,37.8560997,-94.8509284,05000US20011,14539,20011,8.833805020587331e-06
Cumberland County,770454314,5917833,37.5201891,-78.2528364,05000US51049,9869,51049,1.2809325382010905e-05
Sumter County,1722544862,44046815,33.9161395,-80.3823757,05000US45085,106675,45085,6.192872090201619e-05
Lake and Peninsula Borough,61724164724,25989695209,58.1085067,-156.4134134,05000US02164,1156,02164,1.872848349052695e-08
Wyoming County,1293620955,6083278,37.6036601,-81.5490317,05000US54109,20890,54109,1.6148470631414592e-05
Kern County,21068634240,78407748,35.3466288,-118.7295064,05000US06029,892458,06029,4.235955638290107e-05
Cooke County,2265789885,61319327,33.6391964,-97.2103433,05000US48097,40428,48097,1.784278421739004e-05
Orangeburg County,2865498667,55708305,33.436135,-80.8029131,05000US45075,86953,45075,3.0344805600986168e-05
Taylor County,2525374187,24630990,45.2116558,-90.5048529,05000US55119,20320,55119,8.046332343381951e-06
Mower County,1842187917,617235,43.6662486,-92.7595136,05000US27099,39931,27099,2.1675855992491564e-05
Murray County,1825079943,38432252,44.0155943,-95.7615809,05000US27101,8247,27101,4.518706170450748e-06
Providence County,1060552463,67870199,41.8697678,-71.5786246,05000US44007,636161,44007,0.0005998392556653748
Phelps County,1739919007,6567069,37.8663263,-91.7903492,05000US29161,44587,29161,2.5625905470667693e-05
Prentiss County,1074806610,8324262,34.6205664,-88.5221836,05000US28117,25155,28117,2.340421036301591e-05
Whitley County,1133977401,18874532,36.7580237,-84.1446485,05000US21235,36252,21235,3.1968891062583e-05
Starke County,800679813,7929143,41.2844785,-86.6446359,05000US18149,22996,18149,2.8720594208361788e-05
Williamson County,2889993451,41571180,30.6490817,-97.6050646,05000US48491,570437,48491,0.00019738349227145014
Patillas Municipio,120695655,74074553,18.0003111,-65.9866425,05000US72109,16591,72109,0.00013746145211275418
Mitchell County,1215368212,1118491,43.3485643,-92.7844663,05000US19131,10588,19131,8.71176314754561e-06
Emanuel County,1762679431,24889123,32.5910995,-82.2997628,05000US13107,22525,13107,1.2778840896339931e-05
Catahoula Parish,1833776037,81356082,31.666517,-91.846703,05000US22025,9586,22025,5.2274649720488195e-06
Carbon County,987623689,15827992,40.9183666,-75.7050387,05000US42025,63964,42025,6.476555869651685e-05
Pawnee County,1116478173,4852359,40.1377971,-96.2452136,05000US31133,2640,31133,2.3645782459913796e-06
Unicoi County,481902934,825726,36.1001287,-82.4182181,05000US47171,17821,47171,3.6980476238395347e-05
Spartanburg County,2093676309,29525370,34.9320145,-81.9916236,05000US45083,313791,45083,0.00014987560333520495
Marathon County,4002035761,80651079,44.8980363,-89.757823,05000US55073,135485,55073,3.385402032643156e-05
Elko County,44479019310,74784559,41.1411327,-115.3514239,05000US32007,52537,32007,1.181163632089981e-06
Braxton County,1322796522,14344826,38.6993304,-80.7316597,05000US54007,14032,54007,1.0607829523761025e-05
Wexford County,1463148677,27182043,44.3313751,-85.5700462,05000US26165,33433,26165,2.285003603909215e-05
Cochran County,2007453830,229068,33.6084401,-102.830449,05000US48079,2860,48079,1.4246903003492739e-06
Blair County,1360458062,3294803,40.4986828,-78.309597,05000US42013,122495,42013,9.003952670170586e-05
Hickory County,1032908447,33454640,37.9369099,-93.3229883,05000US29085,9452,29085,9.150859427524849e-06
Barry County,2015326677,32912693,36.6993756,-93.8343344,05000US29009,35615,29009,1.7672072923192888e-05
Ramsey County,394320493,46012134,45.0152037,-93.0999648,05000US27123,546598,27123,0.0013861770050079543
Little River County,1375943077,83115227,33.7019411,-94.2362871,05000US05081,12345,05081,8.972028135724978e-06
Lyon County,5187939862,59489121,39.0222125,-119.1974246,05000US32019,55667,32019,1.0730078119783726e-05
Lee County,2022803068,1900583561,26.5632731,-81.9841817,05000US12071,756570,12071,0.00037402059150920764
Josephine County,4244080762,5631773,42.3869829,-123.5716197,05000US41033,87097,41033,2.0521994015720855e-05
Manatí Municipio,116913017,66163823,18.444646,-66.4928837,05000US72091,38062,72091,0.0003255582738062435
Pike County,1059783761,3907959,31.1775159,-90.3977254,05000US28113,39365,28113,3.7144369869241655e-05
Coffee County,1111010401,14479480,35.4887654,-86.0782018,05000US47031,56024,47031,5.0426170582718064e-05
Lemhi County,11819914566,14105634,44.9285059,-113.8870422,05000US16059,7929,16059,6.708170313521367e-07
Ohio County,1521062996,23159041,37.4778588,-86.844871,05000US21183,24081,21183,1.583169143114175e-05
Sarpy County,616679952,24397525,41.1150635,-96.1091254,05000US31153,183956,31153,0.0002983006005033872
Colquitt County,1416818773,24869747,31.1897075,-83.769773,05000US13071,45510,13071,3.212125704943634e-05
Wilkin County,1945179856,480470,46.3623354,-96.476657,05000US27167,6264,27167,3.220267771475421e-06
Randolph County,1490194098,56150220,38.0565149,-89.8212096,05000US17157,31973,17157,2.1455594303393892e-05
Kennebec County,2246739614,216791008,44.4170119,-69.7657639,05000US23011,122158,23011,5.437123164553772e-05
Smyth County,1169223435,3287728,36.8423183,-81.5397861,05000US51173,30539,51173,2.6119045415814815e-05
Roosevelt County,6335242832,18679734,34.0212068,-103.4830039,05000US35041,18723,35041,2.9553721138246023e-06
Somerset County,2784357763,17118618,39.9812968,-79.0284859,05000US42111,73844,42111,2.65210171556535e-05
Washington County,1453483684,12984238,36.7478138,-81.9503218,05000US51191,54005,51191,3.715555984183996e-05
Guilford County,1672930669,30338415,36.079065,-79.7886652,05000US37081,532956,37081,0.0003185762625289046
Ada County,2724704673,22159753,43.4514767,-116.244376,05000US16001,469473,16001,0.0001723023433152823
Custer County,2560924936,34326632,35.6456012,-98.9973857,05000US40039,28929,40039,1.1296309233173088e-05
Marion County,1045853061,908577,40.5880337,-83.1688034,05000US39101,65179,39101,6.23213742260109e-05
Pike County,2153190724,45251530,39.6251059,-90.8890344,05000US17149,15571,17149,7.231593479593682e-06
Woodford County,1366337053,38962131,40.789787,-89.2105871,05000US17203,38503,17203,2.817972323553755e-05
Richmond County,840036613,10995252,33.3614863,-82.0749982,05000US13245,202178,13245,0.00024067760484625448
Pickens County,2282835039,22621093,33.2968003,-88.0968644,05000US01107,20049,01107,8.782500556318122e-06
Ellis County,3189509979,952235,36.2242576,-99.7501388,05000US40045,3936,40045,1.2340453630541848e-06
Perry County,1144587283,13199036,38.0843809,-89.3685249,05000US17145,21092,17145,1.8427602956340027e-05
Grundy County,1299799697,92512,42.4033387,-92.7902437,05000US19075,12262,19075,9.433761238982656e-06
Routt County,6117602800,15831744,40.4836638,-106.9877021,05000US08107,25317,08107,4.138385708859686e-06
Somerset County,781829190,7996119,40.5655273,-74.6199378,05000US34035,330151,34035,0.0004222802169870378
Colusa County,2980332727,14608884,39.1777385,-122.2375629,05000US06011,21491,06011,7.210939840811942e-06
Johnson County,890269489,12818552,37.4607092,-88.8821305,05000US17087,12391,17087,1.3918257508654214e-05
Hinsdale County,2893614472,15324685,37.8115187,-107.3839736,05000US08053,781,08053,2.6990464955070215e-07
Cassia County,6644897877,39158534,42.282313,-113.6263276,05000US16031,23847,16031,3.588768471904087e-06
Isanti County,1128608895,41203099,45.5624313,-93.2963388,05000US27059,40004,27059,3.544540555831788e-05
Erie County,2069174742,1966242081,42.1179519,-80.0963858,05000US42049,272046,42049,0.00013147560449005327
Copiah County,2013158772,5644780,31.8669151,-90.4487578,05000US28029,28339,28029,1.4076882754680216e-05
Van Zandt County,2182250335,44149754,32.5587866,-95.8369057,05000US48467,55970,48467,2.5647836594329128e-05
Roanoke County,648915079,1762677,37.330792,-80.1912371,05000US51161,94103,51161,0.00014501589352032917
Augusta County,2504708861,9537137,38.1725895,-79.1409749,05000US51015,75754,51015,3.0244632891087936e-05
Bristol Bay Borough,1248315815,949775630,58.741661,-156.9668053,05000US02060,739,02060,5.919976268184986e-07
Piute County,1964345826,20285697,38.3358805,-112.1293755,05000US49031,1870,49031,9.519708674759594e-07
Mason County,621924469,16276484,38.5941366,-83.8281251,05000US21161,17122,21161,2.7530674307654553e-05
Benton County,1057483361,12286984,45.7012249,-94.0014397,05000US27009,40476,27009,3.8275779546757334e-05
Donley County,2400676098,15901856,34.9550364,-100.8158457,05000US48129,3317,48129,1.38169409974273e-06
Bay County,1964874034,1833915193,30.1591402,-85.5343954,05000US12005,180076,12005,9.164760533448019e-05
Lauderdale County,1730148679,133606345,34.9041221,-87.6509966,05000US01077,92870,01077,5.3677467796396246e-05
Fountain County,1024774340,5728993,40.1212366,-87.2348725,05000US18045,16456,18045,1.6058169450261607e-05
Shelby County,1964532710,24746071,39.3849258,-88.7988615,05000US17173,21623,17173,1.1006688710212415e-05
Fayette County,1855583353,22915103,39.0011246,-89.0179232,05000US17051,21418,17051,1.1542461816858086e-05
Perry County,1056544080,11790392,39.7431874,-82.2379525,05000US39127,36076,39127,3.414528620519079e-05
Danville city,110844523,2341364,36.5833337,-79.4080707,05000US51590,40668,51590,0.00036689228208415856
Banks County,602473940,4635947,34.3519216,-83.4984409,05000US13011,18900,13011,3.137065148411232e-05
Wayne County,1662287070,17768149,31.5478449,-81.9123763,05000US13305,29959,13305,1.8022759450327673e-05
Oklahoma County,1836035445,24720769,35.5546109,-97.4094007,05000US40109,792668,40109,0.0004317280486924369
Johnston County,1665488606,39648977,34.3134553,-96.6542545,05000US40069,11028,40069,6.621480303300256e-06
Jackson County,1271961081,9754332,35.2854541,-83.1239657,05000US37099,43435,37099,3.414805739641966e-05
Summit County,4844776271,26617165,40.8720603,-110.9684862,05000US49043,41680,49043,8.603080445528379e-06
Polk County,1646006168,17837927,37.6167611,-93.4008166,05000US29167,32031,29167,1.9459829873492917e-05
Lander County,14294783161,662270,39.9002105,-117.0472398,05000US32015,5565,32015,3.8930286226256383e-07
Winneshiek County,1786666617,745729,43.2929889,-91.850788,05000US19191,20090,19191,1.1244403297652255e-05
Bracken County,525033511,16146675,38.6803649,-84.1152351,05000US21023,8308,21023,1.5823751867145106e-05
Florence County,1264232456,24111637,45.8718277,-88.4069879,05000US55037,4312,55037,3.4107651480828616e-06
Roane County,1252422354,404682,38.7429497,-81.3544939,05000US54087,13831,54087,1.1043399182253817e-05
Wadena County,1389132776,18009882,46.5869861,-94.9886078,05000US27159,13681,27159,9.848590600096819e-06
Hopewell city,26817673,1228128,37.2910098,-77.2989443,05000US51670,22500,51670,0.0008389989690753556
Winnebago County,1328792556,15873993,42.3373957,-89.1612053,05000US17201,283635,17201,0.0002134531825297191
Gila County,12321426494,97108979,33.7896177,-110.8118696,05000US04007,53846,04007,4.370110881740898e-06
Wicomico County,969767208,66764613,38.3673699,-75.6320828,05000US24045,103222,24045,0.00010643997770648479
Carter County,1060592683,6783009,38.3140935,-83.0389885,05000US21043,26976,21043,2.5434835099649653e-05
Iredell County,1487711608,59528166,35.8062505,-80.8745238,05000US37097,178853,37097,0.00012022020870055617
Halifax County,2117913134,30524581,36.766461,-78.9396142,05000US51083,34295,51083,1.6192826537332385e-05
Hertford County,914689325,18737418,36.3635174,-76.981616,05000US37091,23752,37091,2.596728676154606e-05
Montgomery County,1044051408,18614750,42.9008912,-74.4353575,05000US36057,49294,36057,4.721415020590633e-05
Pennington County,1596931945,4328863,48.069247,-96.0377254,05000US27113,14110,27113,8.835692744564641e-06
Whatcom County,5459483486,1028111662,48.8426531,-121.8364325,05000US53073,224538,53073,4.1128066524203785e-05
Gilliam County,3120213943,46914702,45.382955,-120.276246,05000US41021,1896,41021,6.076506401920145e-07
Ocean County,1627252596,742162038,39.865669,-74.2588636,05000US34029,602018,34029,0.00036995977236714143
Boone County,1527375340,31797989,36.3042991,-93.0792364,05000US05009,37525,05009,2.4568289808842925e-05
Comanche County,2769531008,37661894,34.6626252,-98.4765859,05000US40031,121374,40031,4.382474854024093e-05
Jones County,2405076785,22097342,32.7437089,-99.8744297,05000US48253,19874,48253,8.263353637584589e-06
Grimes County,2039528342,36609847,30.5432314,-95.988082,05000US48185,28447,48185,1.394783265041776e-05
Genesee County,1649671695,32751002,43.0210768,-83.7063718,05000US26049,406770,26049,0.0002465763346930675
Assumption Parish,891009958,67104891,29.9032998,-91.0652194,05000US22007,22236,22007,2.495595004337763e-05
Calhoun County,1519218292,3590388,33.9366339,-89.3371142,05000US28013,14417,28013,9.489748824061684e-06
Greene County,1845983898,15430619,31.2128455,-88.6348108,05000US28041,13619,28041,7.377637483596295e-06
Custer County,9798723734,25612454,46.2614136,-105.5503521,05000US30017,11563,30017,1.1800516387535496e-06
Roberts County,2851720399,89929974,45.6233973,-96.9475513,05000US46109,10310,46109,3.6153614511490543e-06
Ogle County,1964903701,12378959,42.041884,-89.3201764,05000US17141,50793,17141,2.5850121801974253e-05
Richland County,3718378999,25035244,46.2652192,-96.9379599,05000US38077,16245,38077,4.36883921847903e-06
Barron County,2235281410,69194516,45.4371917,-91.8528921,05000US55005,45182,55005,2.0213114911558274e-05
Iron County,1963751254,416872439,46.32655,-90.2612985,05000US55051,5679,55051,2.8919141303830325e-06
Wabasha County,1354362715,68875473,44.2896337,-92.2334539,05000US27157,21564,27157,1.5921879538746754e-05
Del Norte County,2606118035,578742633,41.7499033,-123.9809983,05000US06015,27692,06015,1.0625765843334107e-05
Pushmataha County,3614424074,69997262,34.377899,-95.4080818,05000US40127,11055,40127,3.058578565676076e-06
Chelan County,7565814942,189653434,47.8609739,-120.619041,05000US53007,76653,53007,1.0131492851414763e-05
Presque Isle County,1706069655,4957327108,45.2523973,-83.4322825,05000US26141,12687,26141,7.436390397553845e-06
Cleveland County,1395746346,49228091,35.2063756,-97.3230884,05000US40027,282189,40027,0.00020217785331031775
Sullivan County,2507484145,73737483,41.7199928,-74.7715769,05000US36105,75329,36105,3.0041665527659796e-05
Polk County,615606322,1964035,35.2779011,-82.1676211,05000US37149,20682,37149,3.359614620721845e-05
Scotland County,826569986,3842049,34.8400226,-79.4773366,05000US37165,34921,37165,4.224808617718186e-05
Harnett County,1540870386,16294103,35.3686348,-78.8716104,05000US37085,134328,37085,8.717670299882057e-05
Lee County,660607451,10725289,35.4763365,-79.1721174,05000US37105,61083,37105,9.246489712995987e-05
Tipton County,674797598,68028,40.3102294,-86.0562066,05000US18159,15154,18159,2.2457104241203894e-05
Clay County,1671315276,26701337,39.3449643,-97.1688527,05000US20027,8030,20027,4.804599177253018e-06
Wagoner County,1455356144,74815302,35.9633876,-95.5142005,05000US40145,80264,40145,5.515076177807375e-05
Richland County,5398974515,49002593,47.785633,-104.5634082,05000US30083,11097,30083,2.0553903281390094e-06
Ashley County,2397012349,38656004,33.1908354,-91.7722672,05000US05003,20000,05003,8.34372005148147e-06
Desha County,1919735549,185180909,33.8287519,-91.2441034,05000US05041,11538,05041,6.010202814658615e-06
Vieques Municipio,131541389,552192821,18.125418,-65.432474,05000US72147,8508,72147,6.467926228147096e-05
Perry County,1074228439,20992254,35.6637521,-87.8693256,05000US47135,8020,47135,7.4658235705115235e-06
Washington County,996403606,99965773,45.037929,-92.890117,05000US27163,259072,27163,0.0002600070879309925
Portsmouth city,86248205,34658275,36.8593388,-76.3569725,05000US51740,94961,51740,0.0011010200154310458
Fayette County,2048054606,20636363,39.9189072,-79.6401194,05000US42051,130329,42051,6.363551031216986e-05
Grant County,1236387822,7546060,39.1059882,-79.195064,05000US54023,11565,54023,9.353861138240814e-06
Shenandoah County,1315919346,9716893,38.856204,-78.5739867,05000US51171,43441,51171,3.3011901627594125e-05
Irion County,2723485995,176317,31.3034241,-100.9813037,05000US48235,1553,48235,5.702250728849443e-07
Caldwell County,1104350514,8402217,39.6589977,-93.9791785,05000US29025,9052,29025,8.19667296320016e-06
Putnam County,1886452945,255262400,29.5938964,-81.7320389,05000US12107,73784,12107,3.911255788041933e-05
Crawford County,791534788,8201106,38.2894327,-86.4408711,05000US18025,10582,18025,1.3368963891957204e-05
Lewis County,1307988620,14965606,40.0845592,-91.7288031,05000US29111,9898,29111,7.56734412566984e-06
Grant County,2012381803,16500663,41.9139574,-101.7559645,05000US31075,691,31075,3.433742041246236e-07
Loíza Municipio,50179423,119730395,18.4455028,-65.9426487,05000US72087,25164,72087,0.0005014804574377031
Oneida County,3105269247,3995240,42.1838954,-112.5204486,05000US16071,4429,16071,1.426285338792717e-06
Moultrie County,870127369,22111272,39.6368956,-88.6257259,05000US17139,14557,17139,1.6729734655662807e-05
Hopkins County,1403991388,31937449,37.3110702,-87.5421956,05000US21107,45044,21107,3.2082817875518195e-05
Clearwater County,6364412864,79592497,46.67257,-115.6535003,05000US16035,8735,16035,1.372475385657193e-06
Bell County,929965658,5321860,36.7289281,-83.680718,05000US21013,26426,21013,2.8416103081518307e-05
Crow Wing County,2585732032,409718952,46.4916528,-94.0707182,05000US27035,64775,27035,2.505093304270131e-05
Añasco Municipio,101747429,14607647,18.2869054,-67.1312824,05000US72011,26555,72011,0.0002609893956141142
Graham County,11970605956,47476264,32.9318277,-109.8783103,05000US04009,38304,04009,3.1998380149503603e-06
St. Francis County,1644082981,20017606,35.0228383,-90.7515058,05000US05123,25477,05123,1.5496176467019825e-05
Echols County,1088849471,809587,30.7140081,-82.8973758,05000US13101,3944,13101,3.6221719393203434e-06
Dillingham Census Area,47484825242,5943879883,59.5433255,-158.2671226,05000US02070,4934,02070,1.0390687919465925e-07
Lincoln County,1863226707,2748359,39.0472801,-98.2142837,05000US20105,3013,20105,1.6170871685557048e-06
Smith County,2319241778,3884267,39.7846603,-98.7854295,05000US20183,3594,20183,1.5496443855453866e-06
Jefferson County,1549018611,193063921,30.396898,-83.9217606,05000US12065,14278,12065,9.217448969694787e-06
Cidra Municipio,93297945,1120363,18.1743906,-66.1616177,05000US72041,38977,72041,0.00041776911592211383
Amite County,1890950868,3877823,31.2039333,-90.7955421,05000US28005,12341,28005,6.5263461937816994e-06
Montgomery County,2021363825,52979164,34.5456557,-93.664153,05000US05097,8964,05097,4.434629673853988e-06
Calhoun County,1829210172,31256789,42.2429896,-85.0123853,05000US26025,133943,26025,7.322449986900685e-05
Cleburne County,1450666453,2352217,33.6719637,-85.5161261,05000US01029,14952,01029,1.0306986812219336e-05
Weld County,10320950482,82372144,40.555961,-104.383666,05000US08123,315389,08123,3.055813517854256e-05
Beckham County,2335328724,5521744,35.2706008,-99.6900574,05000US40009,21860,40009,9.36056657692187e-06
Modoc County,10225877726,660503268,41.5929185,-120.7183704,05000US06049,8853,06049,8.657447543588983e-07
Polk County,1481988336,50078837,41.6848158,-93.568971,05000US19153,485418,19153,0.0003275450880471707
Liberty County,1337654102,222884791,31.8074582,-81.4578709,05000US13179,62039,13179,4.637895544688428e-05
Navarro County,2615116305,197615409,32.048448,-96.4769087,05000US48349,49475,48349,1.8918852635886876e-05
Brooks County,2443277014,741627,27.0349936,-98.2152756,05000US48047,7100,48047,2.9059332852218285e-06
Williamson County,1509607199,3017704,35.8948075,-86.8980679,05000US47187,232380,47187,0.00015393408308726541
Laramie County,6956355039,4348083,41.2928302,-104.660395,05000US56021,99272,56021,1.4270691970643104e-05
Asotin County,1647427902,11291733,46.1818612,-117.2277813,05000US53003,22636,53003,1.3740206762626508e-05
Traverse County,1486320974,31025234,45.7699352,-96.4748315,05000US27155,3282,27155,2.2081367735580376e-06
Cass County,973198204,20569928,39.9692024,-90.2457045,05000US17017,12324,17017,1.2663401914786107e-05
Rockdale County,336226920,5900974,33.6520811,-84.0263696,05000US13247,90155,13247,0.00026813736389697765
Juniata County,1013697487,5502986,40.530673,-77.4004377,05000US42067,24657,42067,2.432382472701148e-05
McKean County,2537395850,13034578,41.8145902,-78.5724631,05000US42083,41021,42083,1.616657487636389e-05
Garvin County,2077537531,30028869,34.7093497,-97.312723,05000US40049,27789,40049,1.3375931642796397e-05
Burt County,1273201338,14186270,41.8541794,-96.3377462,05000US31021,6503,31021,5.107597522804363e-06
San Juan County,14289563220,54895407,36.5116245,-108.3245778,05000US35045,125608,35045,8.790191699085397e-06
Orleans County,1013366838,1103741900,43.3399059,-78.2070281,05000US36073,40624,36073,4.008814821706254e-05
De Soto Parish,2269991655,46990189,32.0592476,-93.7407968,05000US22031,27395,22031,1.2068326304045377e-05
Fresno County,15432139292,136609893,36.7610058,-119.6550193,05000US06019,990204,06019,6.416505069477441e-05
Elbert County,909352136,59863331,34.116413,-82.8419087,05000US13105,19164,13105,2.10743442955964e-05
Barbour County,2292160149,50523213,31.8702531,-85.4051035,05000US01005,25026,01005,1.0918085287765815e-05
Bladen County,2266321541,33022256,34.5919375,-78.5394885,05000US37017,33209,37017,1.4653260536608032e-05
Dallam County,3893095084,5180577,36.2863696,-102.5940204,05000US48111,7272,48111,1.8679225251617306e-06
Sangamon County,2248773852,22676873,39.7568863,-89.662435,05000US17167,195963,17167,8.714215519080129e-05
Craig County,1971642557,3649781,36.7638896,-95.2015531,05000US40035,14274,40035,7.239648966453102e-06
Cumberland County,1764574105,9099481,35.9523984,-84.9947614,05000US47035,60016,47035,3.4011606443697645e-05
Otsego County,1333860412,29050564,45.0217871,-84.5766031,05000US26137,24613,26137,1.8452455578237823e-05
Sac County,1489300203,8569436,42.3875259,-95.1052244,05000US19161,9711,19161,6.520512103898505e-06
Emery County,11557242835,24843849,39.0090246,-110.7210999,05000US49015,10099,49015,8.738243319951838e-07
Ferry County,5706368585,140294391,48.4732563,-118.5335894,05000US53019,7643,53019,1.3393807087910008e-06
Wibaux County,2303979500,1756846,46.9629657,-104.2745184,05000US30109,1037,30109,4.5009081026979625e-07
Lincoln County,12512530053,554839,33.7408411,-105.4498055,05000US35027,19640,35027,1.5696265996413028e-06
Cherokee County,1940228933,69661251,35.9043668,-94.9967964,05000US40021,48871,40021,2.5188264729376655e-05
Yellow Medicine County,1966062964,10687958,44.7157358,-95.862756,05000US27173,9775,27173,4.971865183866003e-06
Hunt County,2176666775,107761746,33.1233077,-96.0842298,05000US48231,96202,48231,4.419693501316939e-05
Mitchell County,2359710926,12489775,32.3041168,-100.9243924,05000US48335,8256,48335,3.4987336410714235e-06
Wood County,1671172155,130731200,32.7835881,-95.3821664,05000US48499,45054,48499,2.69595205169033e-05
Osage County,5818687717,148721112,36.6242995,-96.408112,05000US40113,47074,40113,8.090140301303267e-06
Cherokee County,1179845613,28813485,35.1371499,-84.0614491,05000US37039,28413,37039,2.4081964357823145e-05
Mecosta County,1437843578,41665709,43.6352949,-85.3327509,05000US26107,43481,26107,3.0240424386414027e-05
Pike County,2037621882,4756759,37.4860314,-82.410912,05000US21195,58595,21195,2.875656200869166e-05
Lafayette County,1407256302,11817999,29.9900661,-83.1785097,05000US12067,8576,12067,6.094127976411791e-06
Catawba County,1039553245,37942736,35.6618826,-81.2149057,05000US37035,158507,37035,0.00015247607639375894
Breathitt County,1275352779,7384543,37.5178069,-83.3171582,05000US21025,12802,21025,1.0038006903500071e-05
Childress County,1803954626,44560655,34.5246235,-100.2081658,05000US48075,7219,48075,4.001763623072413e-06
Ripley County,1630438188,5455724,36.6501703,-90.874834,05000US29181,13484,29181,8.270169393260065e-06
Tazewell County,1674347384,29807343,40.5080743,-89.5162598,05000US17179,132524,17179,7.914964437272355e-05
Jeff Davis County,5865172239,206206,30.6253574,-104.191873,05000US48243,2245,48243,3.827679577885283e-07
Lexington city,6473000,67783,37.7823316,-79.4443196,05000US51678,7205,51678,0.0011130851228178587
Sharp County,1565969860,5209695,36.1733989,-91.4710689,05000US05135,17217,05135,1.0994464478390408e-05
Larimer County,6723014102,98984559,40.6580933,-105.4867638,05000US08069,350523,08069,5.213777550990477e-05
Tyrrell County,1012106669,534571696,35.8704196,-76.1653454,05000US37177,3978,37177,3.930415757392861e-06
Rice County,1284218947,52062452,44.3507747,-93.298513,05000US27131,66549,27131,5.182060283058571e-05
Warren County,1110098263,23720336,38.761902,-91.1593065,05000US29219,35090,29219,3.160981434667825e-05
Warren County,1403039303,15145759,36.995634,-86.4235786,05000US21227,130836,21227,9.325184242540068e-05
Caddo Parish,2277812437,149099670,32.5801062,-93.8849698,05000US22017,243243,22017,0.00010678798484407433
Todd County,3596445673,5854544,43.2087936,-100.7076636,05000US46121,10308,46121,2.866163133614503e-06
Marshall County,1482776070,1803080,42.0416996,-92.9814034,05000US19127,39804,19127,2.684424223274658e-05
Tillman County,2256226948,20895054,34.3710852,-98.931701,05000US40141,7347,40141,3.2563213583246324e-06
Macon County,1335344502,10604264,35.1529593,-83.421901,05000US37113,35172,37113,2.6339270463405855e-05
Monroe County,1224426771,2297599,37.5540622,-80.5503295,05000US54063,13344,54063,1.0898160932157535e-05
Switzerland County,571526245,7531845,38.8258545,-85.029681,05000US18155,10727,18155,1.8769041831141106e-05
Hickman County,627487969,27882023,36.675896,-88.9720844,05000US21105,4461,21105,7.109299652564335e-06
Geneva County,1487908432,11567409,31.0923822,-85.8210224,05000US01061,26383,01061,1.7731601913524204e-05
LaSalle County,2940059894,33708940,41.3433407,-88.8859312,05000US17099,108998,17099,3.70733943966381e-05
Delaware County,1496193400,3185375,42.4729373,-91.3667667,05000US19055,17107,19055,1.1433682303370674e-05
Morris County,1800929255,19545268,38.688204,-96.6514482,05000US20127,5551,20127,3.082297644168149e-06
Davis County,1300661926,6904087,40.7480892,-92.4103453,05000US19051,8977,19051,6.9018703635059735e-06
Boise County,4919826443,19104286,43.9872749,-115.7151105,05000US16015,7625,16015,1.5498514202363704e-06
Monroe County,2333329707,18586826,43.9451751,-90.6199687,05000US55081,46155,55081,1.9780745027817878e-05
Perquimans County,640173980,211755191,36.1808969,-76.4032445,05000US37143,13513,37143,2.1108324333956842e-05
Hamilton County,1332018549,12330813,30.4911868,-82.9510714,05000US12047,14397,12047,1.0808408044173564e-05
Matanuska-Susitna Borough,63990747114,1446632980,62.2656263,-149.5039935,05000US02170,107360,02170,1.6777425618853512e-06
Delaware County,1015536280,9863733,40.2275433,-85.3992617,05000US18035,114461,18035,0.00011270990732108557
Levy County,2896183121,1224372357,29.2718541,-82.831233,05000US12075,40979,12075,1.4149312487482037e-05
Gurabo Municipio,72220854,1108806,18.2725815,-65.9811768,05000US72063,46948,72063,0.0006500615459351948
Hatillo Municipio,108200655,43988738,18.4411409,-66.7982102,05000US72065,39561,72065,0.00036562625244736274
Hancock County,1227561217,204095552,30.3916415,-89.4827905,05000US28045,47339,28045,3.85634535731671e-05
Wilcox County,978525378,11147628,31.9627199,-83.4382586,05000US13315,8701,13315,8.891951292856505e-06
Red River Parish,1007453088,34259705,32.1012125,-93.3490504,05000US22081,8462,22081,8.399398543508161e-06
Knox County,1316574580,45556080,35.9927265,-83.9377209,05000US47093,466184,47093,0.00035408856215346344
Oxford County,5379294384,255884970,44.4944998,-70.7344211,05000US23017,57741,23017,1.0733935694566739e-05
Jackson County,1565698756,30621016,39.005364,-94.3432105,05000US29095,700733,29095,0.00044755288800906476
Towns County,431173840,13758448,34.9025294,-83.7322645,05000US13281,11815,13281,2.7401940711430916e-05
Smith County,1647926077,2599432,32.019029,-89.4948763,05000US28129,15919,28129,9.660020690357702e-06
Payette County,1053849237,8872160,44.00243,-116.7502379,05000US16075,23705,16075,2.2493729812322293e-05
Shoshone County,6830898576,13962457,47.3476935,-115.8850916,05000US16079,12700,16079,1.8591990290444037e-06
Hyde County,1585966933,2192929400,35.4081567,-76.1536867,05000US37095,5089,37095,3.2087680355186826e-06
Floyd County,1296471923,2023930,43.052741,-92.7873669,05000US19067,15713,19067,1.2119815108406324e-05
McCracken County,644192189,49762212,37.0541106,-88.7124544,05000US21145,65485,21145,0.00010165444585978983
Union County,887813999,52903376,37.6580293,-87.9516496,05000US21225,14582,21225,1.6424611479909768e-05
Turner County,1598188442,1636386,43.3086698,-97.1501851,05000US46125,8325,46125,5.20902277930502e-06
Cocke County,1129584563,17932684,35.916198,-83.1192242,05000US47029,35797,47029,3.169041183152217e-05
Hancock County,575816010,2988718,36.5213528,-83.2274928,05000US47067,6568,47067,1.1406421297664161e-05
Hardin County,1495676918,48713523,35.2018926,-88.1856958,05000US47071,25665,47071,1.715945448587848e-05
Marion County,1267466476,12418901,34.0836195,-79.3540014,05000US45067,30954,45067,2.44219477091716e-05
Guayama Municipio,168461119,108194654,17.9739287,-66.1374675,05000US72057,40198,72057,0.0002386188589902457
Washington Parish,1734352072,16140411,30.8521435,-90.0462534,05000US22117,46325,22117,2.6710263012849215e-05
Stoddard County,2131929144,15025824,36.8515565,-89.9474812,05000US29207,29255,29207,1.372231346540474e-05
Dooly County,1016908646,12141885,32.1519954,-83.807167,05000US13093,13571,13093,1.334534823101504e-05
Stearns County,3477910040,122236877,45.5552345,-94.6104822,05000US27145,159788,27145,4.5943684040775246e-05
Saunders County,1939715798,28209418,41.2233882,-96.6420968,05000US31155,21356,31155,1.1009860321816072e-05
Sherburne County,1121230367,46966086,45.4531762,-93.76913,05000US27141,96015,27141,8.563360646117784e-05
Davison County,1128284975,3404556,43.6804393,-98.1558683,05000US46035,19890,46035,1.7628525098457505e-05
Claiborne County,1125619421,18052387,36.501572,-83.6606975,05000US47025,31827,47025,2.827509849796737e-05
Montague County,2411034611,19087359,33.6783558,-97.7250138,05000US48337,19640,48337,8.14588057359082e-06
Brown County,2446120246,32375524,31.7641372,-98.998456,05000US48049,37805,48049,1.5455086503543864e-05
Racine County,861537618,1190103013,42.7803923,-87.7715988,05000US55101,195859,55101,0.00022733656187256586
Shawano County,2313441749,41883059,44.7896407,-88.7558134,05000US55115,40813,55115,1.764168041734428e-05
Audubon County,1147264573,1152260,41.679178,-94.9043119,05000US19009,5528,19009,4.818417765262939e-06
Haskell County,2339103809,18465208,33.1759638,-99.730774,05000US48207,5711,48207,2.4415333676197696e-06
Logan County,1926268079,13203700,35.9142774,-97.4509518,05000US40083,47401,40083,2.460768597930963e-05
Oneida County,3139921908,117357161,43.2427273,-75.4342824,05000US36065,229074,36065,7.295531758810863e-05
Lake County,976215864,18111565,39.2053405,-106.350079,05000US08065,7845,08065,8.036132467521548e-06
Pittsburg County,3381286065,187418802,34.9255401,-95.7481302,05000US40121,43955,40121,1.2999491659396171e-05
Doddridge County,828078406,1950541,39.2643068,-80.7114979,05000US54017,8499,54017,1.0263520867612142e-05
Wirt County,602201078,5839709,39.0200337,-81.3829749,05000US54105,5764,54105,9.571553772608822e-06
Carroll County,2413515434,159620276,43.8677742,-71.2015596,05000US33003,48461,33003,2.007900977856353e-05
Tyler County,663818560,11382160,39.465634,-80.8772193,05000US54095,8736,54095,1.3160222576482345e-05
Le Sueur County,1162060231,65125082,44.3734238,-93.7301433,05000US27079,28425,27079,2.4460866349018014e-05
Douglas County,4711819965,76557106,47.7417625,-119.6946219,05000US53017,42520,53017,9.024113891414354e-06
Cattaraugus County,3388125876,36783591,42.2390986,-78.662332,05000US36009,76750,36009,2.2652641256236492e-05
Dodge County,2268049732,81331401,43.4296276,-88.7019394,05000US55027,87569,55027,3.8609823569776994e-05
Jones County,1490844762,3782492,42.1251175,-91.1169141,05000US19105,20575,19105,1.380090035155518e-05
Barber County,2937240779,5411508,37.2229059,-98.685052,05000US20007,4493,20007,1.5296669010327669e-06
Pulaski County,1417014581,11312724,37.8248346,-92.2070224,05000US29169,52359,29169,3.6950219639271306e-05
Dale County,1453276166,4051341,31.4306536,-85.609476,05000US01045,49293,01045,3.391853603136845e-05
Logan County,2779039723,274632,38.9132702,-101.1574016,05000US20109,2789,20109,1.0035840714753252e-06
Madera County,5534591552,42271836,37.2098213,-119.7498023,05000US06039,155925,06039,2.8172810682597594e-05
Gentry County,1272776755,762384,40.2081271,-94.4053211,05000US29075,6576,29075,5.166656268797115e-06
Blaine County,1840681023,9443894,41.931945,-99.9964074,05000US31009,467,31009,2.5371044421312533e-07
Daggett County,1805185844,61230034,40.890099,-109.5057855,05000US49009,590,49009,3.2683615482639473e-07
Platte County,5390953617,76102033,42.1315927,-104.9539626,05000US56031,8572,56031,1.5900711838752961e-06
Gaston County,921392674,20546046,35.2933443,-81.1772556,05000US37071,222119,37071,0.00024106877151054926
Guadalupe County,7847072132,2887948,34.8697822,-104.7849677,05000US35019,4336,35019,5.525627810043941e-07
Golden Valley County,3041740576,2621792,46.3806243,-109.1745855,05000US30037,814,30037,2.6760993571333417e-07
Johnston County,2051313884,9394347,35.5134188,-78.3673482,05000US37101,203308,37101,9.911111194916478e-05
Santa Clara County,3343892719,33595850,37.2216142,-121.6895401,05000US06085,1924379,06085,0.0005754906516784099
Charleston County,2377554566,1139619647,32.8004582,-79.94248,05000US45019,407543,45019,0.00017141267999819273
Benton County,4403309851,154293639,46.2281252,-119.5166594,05000US53005,200715,53005,4.558275633371956e-05
Adair County,1469362059,5468507,40.1906655,-92.6035922,05000US29001,25468,29001,1.7332691996506764e-05
Erie County,650833148,969939819,41.3941426,-82.5868354,05000US39043,74419,39043,0.00011434420669673697
Vermilion County,2326634937,7531157,40.1867542,-87.7267779,05000US17183,76704,17183,3.296778483817635e-05
St. Louis County,1315391134,39612404,38.6406881,-90.4460731,05000US29189,996179,29189,0.0007573253112712557
Boone County,727114618,3360626,42.3189831,-88.8242951,05000US17007,53293,17007,7.329380909242014e-05
Tehama County,7638229340,33767224,40.1261573,-122.2322737,05000US06103,64176,06103,8.401947250251065e-06
Dane County,3098899108,106217126,43.0674684,-89.4178523,05000US55025,542459,55025,0.00017504893870200824
Fisher County,2328272103,7258480,32.7404728,-100.4031198,05000US48151,3827,48151,1.6437082225350186e-06
Sabine Parish,2244547678,375313525,31.5604024,-93.5595793,05000US22085,23915,22085,1.065470795492721e-05
Morgan County,1473567808,9081549,39.7176678,-90.2050054,05000US17137,34012,17137,2.3081394568576242e-05
Pulaski County,645583957,5046606,32.2388026,-83.4818454,05000US13235,11185,13235,1.7325399552950788e-05
Bertie County,1810858588,109120751,36.0590432,-76.9623641,05000US37015,19081,37015,1.053699064435174e-05
Stanly County,1023250040,25187035,35.3104492,-80.2543742,05000US37167,62050,37167,6.064011490290291e-05
Rhea County,817071273,54409427,35.60059,-84.9495484,05000US47143,32964,47143,4.034409370307161e-05
Greene County,690838977,1229492,35.481959,-77.6816876,05000US37079,20987,37079,3.0379003933936983e-05
Leslie County,1038206010,9189721,37.0878462,-83.3886172,05000US21131,10081,21131,9.710018920040734e-06
Somerset County,828145301,752652868,38.0744501,-75.8533228,05000US24039,25699,24039,3.103199398579936e-05
Marshall County,1001843226,30364348,41.0311192,-89.3423714,05000US17123,11562,17123,1.1540727830404076e-05
Lyon County,553848612,110565602,37.0239759,-88.0833909,05000US21143,8226,21143,1.4852434079946742e-05
Concho County,2547914005,25740025,31.3188831,-99.8636485,05000US48095,3018,48095,1.1844983755642882e-06
Coke County,2361153198,42331832,31.8771104,-100.6352305,05000US48081,3298,48081,1.3967751024345012e-06
Overton County,1122721524,3492728,36.3448504,-85.2830756,05000US47133,22171,47133,1.9747550506567113e-05
Huron County,2165272594,3369021596,43.907616,-82.8570449,05000US26063,31105,26063,1.4365396803244256e-05
Iosco County,1422173769,3473068812,44.3869118,-83.3801412,05000US26069,25213,26069,1.772849461126575e-05
Coffee County,1533972030,26884091,31.5492452,-82.8449401,05000US13069,43070,13069,2.8077435023375232e-05
Ware County,2329026445,22649478,31.050881,-82.4215072,05000US13299,35745,13299,1.534761448361313e-05
Grant County,4297393836,17563450,46.3578269,-101.6390494,05000US38037,2318,38037,5.393966874950392e-07
Jefferson Parish,779455288,883412483,29.5033,-90.036231,05000US22051,434903,22051,0.0005579575976909659
St. Tammany Parish,2189206640,648444271,30.4100224,-89.9519622,05000US22103,258447,22103,0.00011805509597760036
Hardin County,1474498036,1783759,42.3902079,-93.241669,05000US19083,16924,19083,1.1477804369215178e-05
Cameron Parish,3327199807,1688890197,29.871812,-93.1649478,05000US22023,6963,22023,2.0927507826102733e-06
Clinton County,1058609496,9329331,39.4166813,-83.8045826,05000US39027,42000,39027,3.967468661361791e-05
St. Louis County,16181141791,1586529239,47.578635,-92.5145933,05000US27137,199499,27137,1.2329105237243638e-05
Lorain County,1270483156,1119495057,41.4388045,-82.179722,05000US39093,309134,39093,0.0002433200302893272
Vega Alta Municipio,71816310,25307600,18.4362199,-66.3364122,05000US72143,36559,72143,0.00050906263493627
Boone County,1477555796,8129933,42.038642,-93.938603,05000US19015,26381,19015,1.7854486491419102e-05
Polk County,2737733240,136271620,30.7845525,-94.8373376,05000US48373,50155,48373,1.8319900298248196e-05
Dixon County,1233120004,17111900,42.4850864,-96.8557845,05000US31051,5682,31051,4.607824041106059e-06
Harford County,1132152045,231885675,39.5374292,-76.2997894,05000US24025,253736,24025,0.0002241183073603864
Edgefield County,1296833562,16298644,33.7764976,-81.9682452,05000US45037,27021,45037,2.083613563974064e-05
Accomack County,1163725929,2229259960,37.7659435,-75.7578073,05000US51001,32560,51001,2.797909644238923e-05
Calumet County,824263566,204161565,44.0784104,-88.2121322,05000US55015,50005,55015,6.066627479686516e-05
Knox County,1000524690,3742206,36.8885003,-83.8555508,05000US21121,31288,21121,3.127159210833668e-05
Ionia County,1479710873,22590323,42.9446503,-85.073766,05000US26067,64401,26067,4.352269161166054e-05
New Hanover County,497937486,353803887,34.1834455,-77.8642043,05000US37129,231448,37129,0.0004648133681584278
Obion County,1411148373,27448903,36.3618921,-89.1480777,05000US47131,30343,47131,2.1502345593534552e-05
Calloway County,997224714,66474183,36.6209783,-88.2740857,05000US21035,38991,21035,3.9099512329173985e-05
Albemarle County,1866014147,14223772,38.0241841,-78.5535056,05000US51003,108819,51003,5.831627813484096e-05
Robertson County,1233703847,457701,36.5275092,-86.8693538,05000US47147,70982,47147,5.753568830364521e-05
Clarke County,455664146,5690611,39.1153068,-77.9907479,05000US51043,14498,51043,3.1817293783742204e-05
Garfield County,1841054897,19294817,46.4293176,-117.5367052,05000US53023,2258,53023,1.2264707606923684e-06
Jackson County,894051381,3407440,37.4034585,-84.0205757,05000US21109,13368,21109,1.495216078638326e-05
Cook County,3762130687,4887924296,47.7585562,-90.3443192,05000US27031,5402,27031,1.4358884497730368e-06
Oconee County,1622773470,121745539,34.7487656,-83.0615395,05000US45073,78314,45073,4.825935440021706e-05
East Baton Rouge Parish,1179744893,38443656,30.5439297,-91.093131,05000US22033,443158,22033,0.00037563883737024153
Claiborne County,1262400025,35711134,31.9728096,-90.9154239,05000US28021,9042,28021,7.162547386673253e-06
St. Mary's County,928809939,1050592561,38.2230765,-76.534487,05000US24037,113182,24037,0.00012185700781998199
Kent County,2198720084,59599778,43.0324971,-85.547446,05000US26081,652617,26081,0.00029681677297127015
Pitt County,1689621009,8246941,35.5924897,-77.3727387,05000US37147,179961,37147,0.00010650968414893804
Carbon County,5303728455,35213028,45.2244683,-109.0285543,05000US30009,10689,30009,2.0153746728724632e-06
Stanton County,1107500711,8789496,41.9050454,-97.1771094,05000US31167,5946,31167,5.368845311739037e-06
Appling County,1316424660,10326621,31.739712,-82.2901025,05000US13001,18428,13001,1.399852233093233e-05
Jasper County,1891795109,6544165,41.6855513,-93.0541468,05000US19099,37032,19099,1.957505853769495e-05
Wayne County,2099745602,7255476,31.642503,-88.678214,05000US28153,20344,28153,9.688792766429616e-06
Cottle County,2332448732,2723997,34.0919063,-100.2764416,05000US48101,1624,48101,6.962639640132506e-07
Greensville County,764634552,4086108,36.6803363,-77.5602774,05000US51081,11403,51081,1.491300644232462e-05
Polk County,4656186394,550757251,27.9536488,-81.6935336,05000US12105,705735,12105,0.0001515693188119393
Young County,2368539757,42371869,33.1587778,-98.6783895,05000US48503,17961,48503,7.58315326855626e-06
Tallapoosa County,1855798005,128790974,32.8633076,-85.7996176,05000US01123,40450,01123,2.179655322994056e-05
Rockingham County,1801055120,258626550,42.9886636,-71.0990801,05000US33015,308211,33015,0.0001711280218897465
Rio Grande County,2361956083,984295,37.4858534,-106.453128,05000US08105,11300,08105,4.784170239798654e-06
Plymouth County,2234715257,2176851,42.7375854,-96.2158638,05000US19149,25141,19149,1.1250202870924418e-05
Yates County,875777224,97488350,42.638237,-77.1043238,05000US36123,24981,36123,2.8524377336398967e-05
King County,5478417256,497859101,47.4905518,-121.8339765,05000US53033,2225064,53033,0.0004061508819108466
Deschutes County,7815593157,94707741,43.9151181,-121.2255751,05000US41017,191749,41017,2.453415833553988e-05
Pottawattamie County,2463771925,20389998,41.3401835,-95.5449053,05000US19155,93478,19155,3.794101193031494e-05
Wright County,1765788195,3525240,37.2676331,-92.479989,05000US29229,18256,29229,1.0338725817566133e-05
Toole County,4959475392,78025726,48.6451246,-111.7334723,05000US30101,4812,30101,9.702639129457343e-07
Tioga County,1343600014,11044570,42.1780565,-76.2974556,05000US36107,48431,36107,3.6045697748854e-05
Lee County,1629204766,13122562,30.3214983,-96.9768226,05000US48287,17174,48287,1.0541339160310313e-05
Fulton County,1364133162,19666288,33.7900338,-84.4681816,05000US13121,1051550,13121,0.0007708558293959281
Cherokee County,2727141726,23873001,31.8438807,-95.1563425,05000US48073,52341,48073,1.919262189456156e-05
Audrain County,1792918159,11843439,39.214481,-91.8434182,05000US29007,25336,29007,1.4131152541915886e-05
Colleton County,2736331638,198865069,32.8350184,-80.6552438,05000US45029,37624,45029,1.3749795338221353e-05
Jefferson County,1441308410,67985729,43.0138045,-88.7739847,05000US55055,84837,55055,5.88611010741275e-05
Greene County,1495304293,5273183,36.1206072,-90.5663459,05000US05055,45197,05055,3.022595481841501e-05
Hall County,2288233615,53366403,34.4531894,-100.5763434,05000US48191,3025,48191,1.3219804045226387e-06
Burnett County,2127832847,151938079,45.8668974,-92.3757305,05000US55013,15363,55013,7.220022015197324e-06
Torrance County,8664061384,2316559,34.5549784,-105.8905574,05000US35057,15477,35057,1.7863446845588508e-06
Pacific County,2418037245,758680651,46.5565866,-123.7824193,05000US53049,22121,53049,9.148328895984396e-06
Pender County,2256645359,162833419,34.5125561,-77.8881063,05000US37141,61891,37141,2.742610829529107e-05
Hood County,1089582268,41775455,32.430149,-97.8316766,05000US48221,60025,48221,5.5089920020614726e-05
Stanley County,3741060758,188383651,44.4139844,-100.7478218,05000US46117,3058,46117,8.174152193226689e-07
Washoe County,16358045234,582737534,40.7313196,-119.6632695,05000US32031,464182,32031,2.8376373421147124e-05
Ballard County,639538865,70070117,37.0513234,-89.0103673,05000US21007,7914,21007,1.2374541146924667e-05
Archer County,2339508165,57767715,33.6163054,-98.6872669,05000US48009,8754,48009,3.7418121171635237e-06
Baylor County,2246764583,86991035,33.6188024,-99.2081888,05000US48023,3560,48023,1.584500675743472e-06
San Augustine County,1374400363,159644688,31.3824492,-94.1631796,05000US48405,8260,48405,6.009893639703586e-06
Storey County,683182692,1881025,39.4383853,-119.5246462,05000US32029,4086,32029,5.980830673620168e-06
Schley County,432291202,2369649,32.2634439,-84.3227083,05000US13249,5215,13249,1.2063627424922702e-05
Fairfield County,1618664029,549280913,41.2274128,-73.3670614,05000US09001,944306,09001,0.0005833860412548897
Madison County,1207103457,16493254,30.9668782,-95.9303719,05000US48313,14329,48313,1.1870564960199596e-05
San Joaquin County,3606222502,89027654,37.9349815,-121.272244,05000US06077,751615,06077,0.0002084216932214129
Winston County,1572773194,7341897,33.0787236,-89.0373913,05000US28159,18116,28159,1.151850760752475e-05
Henry County,741500309,12501986,38.4513829,-85.1196472,05000US21103,15999,21103,2.1576525061164877e-05
Mercer County,645073065,10991213,37.8120852,-84.8796946,05000US21167,21690,21167,3.362409807019303e-05
Wheeler County,1489717908,1059454,41.9225747,-98.5208533,05000US31183,689,31183,4.625036701914978e-07
Lewis County,1250548676,31895661,38.5350468,-83.3701427,05000US21135,13345,21135,1.0671315924051244e-05
Grant County,1418795389,71705191,45.9307426,-96.0106987,05000US27051,5962,27051,4.202156312477274e-06
Humphreys County,1083947284,32942664,33.1309962,-90.5234209,05000US28053,8198,28053,7.563098428318032e-06
Clarke County,3207494086,36657889,31.6855211,-87.8186244,05000US01025,23866,01025,7.4406996116282165e-06
Chase County,2002198770,12091093,38.2994749,-96.5940289,05000US20017,2604,20017,1.3005701726607294e-06
Trigg County,1143489745,103147003,36.8076808,-87.8586515,05000US21221,14569,21221,1.2740822612274498e-05
Houston County,1501742239,4795415,31.1581831,-85.2964111,05000US01069,105319,01069,7.01312097808018e-05
Aurora County,1834902863,11201379,43.7247191,-98.5775872,05000US46003,2757,46003,1.5025318536439604e-06
Aleutians East Borough,18091672533,20799851130,55.2450437,-161.9974772,05000US02013,3389,02013,1.8732375316977001e-07
Franklin County,1491355860,487899,40.1832031,-98.96208,05000US31061,2970,31061,1.9914764005419874e-06
Kent County,717497117,353321619,39.2412793,-76.1259867,05000US24029,19456,24029,2.7116485263870407e-05
Crawford County,1527499258,13573629,37.5058215,-94.8538967,05000US20037,38874,20037,2.544943953092251e-05
Chippewa County,1505378148,17239137,45.0286254,-95.5641082,05000US27023,11876,27023,7.889047689298596e-06
Pennington County,7191788472,19926710,44.0023492,-102.8238015,05000US46103,112504,46103,1.5643396693050014e-05
Hampton County,1450327687,7072565,32.7783341,-81.1438217,05000US45049,19223,45049,1.3254246038536808e-05
Fremont County,4827633116,83440652,44.2180909,-111.484429,05000US16043,13111,16043,2.7158236106523553e-06
Bryan County,1133280746,43754751,32.0179692,-81.4385431,05000US13029,38321,13029,3.381421605833935e-05
Dinwiddie County,1305057845,8988308,37.0734984,-77.6354922,05000US51053,28686,51053,2.1980634889022868e-05
St. Lucie County,1480593673,300906587,27.3798137,-80.4435357,05000US12111,320914,12111,0.00021674684003596982
Monroe County,1701475181,1838271361,43.2503466,-77.7005177,05000US36055,743084,36055,0.0004367292619356756
Lincoln County,1495182125,1179561,43.2794204,-96.7222862,05000US46083,58887,46083,3.9384499731094634e-05
Chippewa County,2611628507,85233303,45.0690918,-91.2835054,05000US55017,64175,55017,2.4572790436308405e-05
Woodson County,1289344338,19254559,37.8881929,-95.7584691,05000US20207,3117,20207,2.4175078046528795e-06
Marshall County,782712536,98325124,36.882017,-88.3327524,05000US21157,31225,21157,3.9893317870662035e-05
Clinch County,2110829175,23303279,30.9176531,-82.7026143,05000US13065,6648,13065,3.1494732395860503e-06
Lowndes County,1287842038,34542105,30.833145,-83.2689952,05000US13185,116436,13185,9.041170932797273e-05
Kalawao County,31057603,105764468,21.2187644,-156.9740097,05000US15005,436,15005,1.4038430460972794e-05
Kauai County,1605492716,1674243852,22.0120383,-159.7059653,05000US15007,71949,15007,4.481427992975086e-05
Macomb County,1241494597,237183770,42.6715526,-82.9114562,05000US26099,870893,26099,0.0007014875474323147
Turner County,739227758,11818093,31.7248005,-83.6203195,05000US13287,7920,13287,1.0713883392890665e-05
Jasper County,1281043651,9334509,39.0048857,-88.1507245,05000US17079,9547,17079,7.452517322534234e-06
Milam County,2632349427,11831398,30.791242,-96.9843946,05000US48331,24797,48331,9.420101961258353e-06
Spencer County,1027918647,11984810,38.0096966,-87.0103746,05000US18147,20364,18147,1.9810906300253156e-05
Hart County,1068536124,13686670,37.3058265,-85.8784426,05000US21099,18833,21099,1.762504755524765e-05
Lincoln County,862060460,9192346,37.4571737,-84.6583354,05000US21137,24493,21137,2.841216032573864e-05
Blaine County,10949218328,29079295,48.4282823,-108.9676475,05000US30005,6698,30005,6.117331666381583e-07
Norfolk city,137981431,111701531,36.9230149,-76.2446413,05000US51710,244300,51710,0.0017705280937403817
Reeves County,6825534318,17396672,31.308366,-103.712706,05000US48389,15546,48389,2.277623886382458e-06
Pulaski County,828378951,24875979,37.0633853,-80.7134439,05000US51155,34113,51155,4.1180428303760705e-05
Union County,1638778990,17891392,34.9918204,-80.5304264,05000US37179,235767,37179,0.00014386747782261963
McKenzie County,7148712746,260119355,47.7424751,-103.4032148,05000US38053,13836,38053,1.9354533454630433e-06
Okaloosa County,2409192557,819717338,30.6143245,-86.5910804,05000US12091,207430,12091,8.60993860359166e-05
Alameda County,1910017353,216902808,37.6471385,-121.912488,05000US06001,1661584,06001,0.0008699313633932205
Calhoun County,657415184,77051402,39.1642619,-90.6662948,05000US17013,4782,17013,7.2739421242208484e-06
Kosciusko County,1376434729,59436572,41.2442928,-85.8615754,05000US18085,79156,18085,5.750799390066828e-05
Noxubee County,1800451921,12487951,33.106606,-88.5661522,05000US28103,10566,28103,5.868526605326664e-06
Woodruff County,1517642896,21058193,35.1927768,-91.2445353,05000US05147,6477,05147,4.267802404024826e-06
Gloucester County,833976887,38259771,39.7228745,-75.1456793,05000US34015,291745,34015,0.0003498238434993942
Hillsborough County,2270191096,41320770,42.9115317,-71.7230554,05000US33011,415305,33011,0.00018293834414721886
Judith Basin County,4842466559,2066739,47.032558,-110.30532,05000US30045,1968,30045,4.064044585589052e-07
Mitchell County,573036225,1632150,36.013102,-82.1635541,05000US37121,14959,37121,2.6104806899424203e-05
Powell County,6024421103,16247901,46.8442254,-112.9310998,05000US30077,6843,30077,1.135876772723004e-06
Polk County,1918983379,8146766,44.9003723,-123.3986397,05000US41053,84730,41053,4.4153587220830225e-05
Wasco County,6167113903,35722738,45.1645359,-121.1650693,05000US41065,26274,41065,4.260339668320214e-06
Perkins County,7434457143,50539948,45.4833865,-102.4679947,05000US46105,2996,46105,4.029884014895316e-07
Taylor County,1377618877,7133363,40.7379489,-94.6971082,05000US19173,6160,19173,4.471483443530079e-06
Washington County,2797712949,21660030,31.4085035,-88.2124041,05000US01129,16336,01129,5.839055077412089e-06
Defiance County,1065649888,7073996,41.3216789,-84.4864334,05000US39039,38024,39039,3.568151268833991e-05
Greenbrier County,2641303514,12164256,37.9244177,-80.4505897,05000US54025,34893,54025,1.3210522688912001e-05
Marion County,1482865616,9234118,38.6482361,-88.9203624,05000US17121,37524,17121,2.530505771738118e-05
Dickenson County,855863023,8079112,37.1367011,-82.3492199,05000US51051,14524,51051,1.6970005257488498e-05
Amelia County,920379345,8188217,37.3319271,-77.9774619,05000US51007,12970,51007,1.4092015504759072e-05
Randolph County,1109126227,6830041,31.762651,-84.7523108,05000US13243,6888,13243,6.210294042573389e-06
Luna County,7679776933,433660,32.1845231,-107.7471911,05000US35029,24022,35029,3.1279554353691537e-06
Nueces County,2173169293,845316413,27.7400315,-97.5162143,05000US48355,362151,48355,0.00016664647396156631
Weston County,6210804119,5225499,43.8462133,-104.5700202,05000US56045,6942,56045,1.1177296638229398e-06
Toa Baja Municipio,60201711,48075983,18.45691,-66.1931933,05000US72137,76008,72137,0.0012625554778667337
Warren County,1404768301,1672625,40.8504412,-90.6202228,05000US17187,16981,17187,1.2088114451267077e-05
Madison County,2076136600,28786030,34.7642377,-86.5510802,05000US01089,367686,01089,0.00017710106358126917
Wilson County,1478548412,32071810,36.149527,-86.2912423,05000US47189,140604,47189,9.509597309012565e-05
Camp County,507242364,19129375,32.9745813,-94.979085,05000US48063,12938,48063,2.5506544638688735e-05
Jefferson County,1965685986,39417590,34.1050824,-97.8388896,05000US40067,6084,40067,3.095102698666744e-06
Ritchie County,1170648850,4424612,39.1771118,-81.0663167,05000US54085,9747,54085,8.326151774718781e-06
Page County,1385497642,1359014,40.7390972,-95.1443014,05000US19145,15205,19145,1.0974396158517605e-05
Jefferson County,1379494403,62293259,39.239644,-95.375314,05000US20087,18974,20087,1.3754314594344896e-05
Iberia Parish,1485913496,1182061975,29.6060126,-91.8427057,05000US22045,70763,22045,4.7622556892100535e-05
Kusilvak Census Area,44229388640,6686187054,62.2835878,-163.1901714,05000US02158,8298,02158,1.876128125473452e-07
Onslow County,1973765096,370675285,34.7631087,-77.4994691,05000US37133,198377,37133,0.00010050689436246876
Faribault County,1845313211,24410722,43.6765219,-93.9472338,05000US27043,13727,27043,7.4388455673393e-06
Grainger County,726715759,56600343,36.2775091,-83.5095458,05000US47057,23268,47057,3.201802040459123e-05
Freestone County,2273311866,36936963,31.7017487,-96.1449568,05000US48161,19744,48161,8.685126002857014e-06
Mifflin County,1064602254,9507394,40.6016153,-77.6518322,05000US42087,46179,42087,4.337676331840643e-05
Crenshaw County,1576952763,5388562,31.7303106,-86.3200384,05000US01041,13826,01041,8.767542265310074e-06
Bristol city,33336230,322409,36.6169541,-82.1575641,05000US51520,17059,51520,0.0005117255310513516
Runnels County,2722259323,15604788,31.8451193,-99.9827145,05000US48399,10280,48399,3.7762750642988615e-06
Terrell County,6107081791,259482,30.2323427,-102.0725126,05000US48443,903,48443,1.478611276061097e-07
Rawlins County,2769775708,415527,39.7861975,-101.0767378,05000US20153,2490,20153,8.989897603651017e-07
Thomas County,2783425129,288241,39.3577126,-101.0833859,05000US20193,7748,20193,2.7836207697038435e-06
Jeff Davis County,857075892,11600966,31.8116153,-82.6368248,05000US13161,15063,13161,1.757487305453226e-05
Cherokee County,1494181143,423160,42.7427375,-95.6332616,05000US19035,11281,19035,7.549954737984536e-06
White County,2678251423,20554640,35.2551175,-91.7530339,05000US05145,78725,05145,2.9394178352313716e-05
Leflore County,1538645698,31868197,33.5497896,-90.2949343,05000US28083,28764,28083,1.8694362215673644e-05
Cooper County,1462695259,11475878,38.8470929,-92.8100688,05000US29053,17522,29053,1.1979255345354202e-05
Dickinson County,1970845133,40505952,46.0128332,-87.8661386,05000US26043,25373,26043,1.2874172391910613e-05
Will County,2164908486,34569451,41.4484742,-87.9784564,05000US17197,689704,17197,0.0003185834433465286
Deaf Smith County,3876750568,3926557,34.9407663,-102.6075637,05000US48117,18617,48117,4.802217649407461e-06
Brookings County,2051833299,32942236,44.3766745,-96.7977971,05000US46011,35115,46011,1.7113963408778854e-05
Clay County,1029941235,28508804,39.3155512,-94.4215024,05000US29047,246480,29047,0.0002393146245863241
Coahoma County,1432509882,77542049,34.2303156,-90.6040104,05000US28027,22685,28027,1.583584189194445e-05
Boone County,1095260006,876741,40.0508916,-86.4690137,05000US18011,66875,18011,6.105856110297887e-05
Des Moines County,1077768376,35342794,40.9153393,-91.1869253,05000US19057,39227,19057,3.639650306458797e-05
Scott County,1186463557,26196368,41.6420791,-90.6222889,05000US19163,172938,19163,0.00014575921778607146
Ottawa County,1866683177,1567629,39.1379632,-97.6548025,05000US20143,5776,20143,3.094258346123189e-06
Columbia County,2065648312,9755972,30.2216509,-82.6233712,05000US12023,70898,12023,3.432239630925131e-05
Holmes County,1240232910,26393540,30.8620072,-85.8159385,05000US12059,19530,12059,1.574704222289989e-05
Harrison County,1485724358,1064607689,30.4165357,-89.0833762,05000US28047,206169,28047,0.00013876665539598026
Utuado Municipio,294045395,3982227,18.270865,-66.7029886,05000US72141,28041,72141,9.536282654588078e-05
Bradley County,851489196,6959141,35.1539144,-84.8594137,05000US47011,106924,47011,0.00012557293798006098
Carlton County,2230477103,36173451,46.6038184,-92.6710435,05000US27017,35709,27017,1.6009579274304704e-05
Marion County,986530318,102099491,32.7981821,-94.3568533,05000US48315,9987,48315,1.0123358418671529e-05
Schoharie County,1610503552,11676951,42.591294,-74.4381718,05000US36095,31189,36095,1.936599268053027e-05
Pawnee County,1472027960,68849518,36.3137038,-96.6966693,05000US40117,16402,40117,1.1142451397458511e-05
Broome County,1827594819,25109986,42.1619773,-75.8302833,05000US36007,192042,36007,0.00010507908974325015
Liberty County,3000121460,46620495,30.1585081,-94.8440607,05000US48291,86173,48291,2.872317042790661e-05
Athens County,1304431980,12361693,39.3327548,-82.0458853,05000US39009,65945,39009,5.055457165347939e-05
Jefferson County,1057037100,7335056,40.3993836,-80.7635272,05000US39081,65943,39081,6.2384754518077e-05
Randolph County,2692810850,667359,38.7810953,-79.8677881,05000US54083,28763,54083,1.0681403782965299e-05
Marion County,799667746,7160908,39.5058387,-80.2434018,05000US54049,56233,54049,7.032045531570058e-05
Cumberland County,1251898249,503713126,39.3284336,-75.1216277,05000US34011,150085,34011,0.0001198859413054423
Nevada County,2480587302,41531993,39.2975082,-120.7713429,05000US06057,99417,06057,4.007800891339078e-05
Douglas County,3378047451,454294232,46.4632185,-91.8924773,05000US55031,43497,55031,1.2876373298759798e-05
Pulaski County,1705275604,48545539,37.107452,-84.5769692,05000US21199,64789,21199,3.799327208342564e-05
Edgecombe County,1309074148,3705924,35.9170773,-77.6027422,05000US37065,52069,37065,3.977543982481884e-05
Jasper County,2431105358,80399907,30.7529323,-94.0222943,05000US48241,35562,48241,1.4627913958141176e-05
Beaver County,6689681850,5298466,38.357535,-113.2389481,05000US49001,6594,49001,9.8569710007958e-07
Murray County,892235145,5719644,34.7970974,-84.7379899,05000US13213,39789,13213,4.459474637708874e-05
Jay County,994310119,458556,40.434956,-85.0023313,05000US18075,20697,18075,2.0815437361550174e-05
Montcalm County,1826793476,39944685,43.3127822,-85.1494679,05000US26117,63516,26117,3.476911913385878e-05
Rensselaer County,1689859763,33525770,42.7104206,-73.5138454,05000US36083,159013,36083,9.409834086924762e-05
Collier County,5172076456,1575209325,26.118786,-81.4009553,05000US12021,379345,12021,7.334481677275499e-05
McKinley County,14118189396,12689169,35.5840616,-108.2532938,05000US35031,71956,35031,5.096687541278257e-06
Ben Hill County,647802123,9814374,31.7407715,-83.147197,05000US13017,16889,13017,2.6071232866274506e-05
Lee County,1553493435,57858191,34.7795048,-90.7797172,05000US05077,8963,05077,5.7695770050035644e-06
Baker County,1515738972,9686120,30.3244416,-82.3022838,05000US12003,28679,12003,1.8920803997114617e-05
Lanier County,509030778,8418857,31.0381973,-83.0631635,05000US13173,10534,13173,2.069423000587206e-05
Rice County,1880936102,4482698,38.3471776,-98.2014154,05000US20159,9532,20159,5.067689428611967e-06
Calhoun County,1569246127,16536293,33.7705162,-85.8279089,05000US01015,114324,01015,7.285281641482108e-05
Jackson County,1872109197,830292614,30.4560045,-88.6251005,05000US28059,142872,28059,7.631606117257913e-05
Campbell County,391968586,20892234,38.9469811,-84.3795832,05000US21037,93608,21037,0.000238815056469857
Cumberland County,790453071,14793815,36.7823717,-85.3884841,05000US21057,6660,21057,8.425547631277404e-06
Panola County,1774595233,51686997,34.3652052,-89.9630654,05000US28107,34079,28107,1.9203815814600467e-05
Hansford County,2382296646,1548341,36.2728469,-101.3569304,05000US48195,5431,48195,2.279732882602564e-06
Chambers County,1546425540,709836144,29.6963741,-94.6694454,05000US48071,42571,48071,2.7528645187792228e-05
Quitman County,391703076,24158295,31.8629381,-85.0047978,05000US13239,2290,13239,5.8462650418400085e-06
Hardin County,2306612364,18037857,30.3296483,-94.3931782,05000US48199,57356,48199,2.4865903302684283e-05
Litchfield County,2384123146,62350378,41.7918833,-73.2354042,05000US09005,181143,09005,7.597887730921765e-05
Sandusky County,1057351022,24514231,41.3553193,-83.1427763,05000US39143,58801,39143,5.561161693377547e-05
Piscataquis County,10258805117,1080258051,45.9156393,-69.1022311,05000US23021,16864,23021,1.6438561613822301e-06
Pulaski County,516100615,9768333,37.2156152,-89.1277549,05000US17153,5414,17153,1.0490202574162791e-05
Okfuskee County,1601799648,26649719,35.466804,-96.3277619,05000US40107,11987,40107,7.483457756384773e-06
Saginaw County,2074053636,39287690,43.3282667,-84.05541,05000US26145,191166,26145,9.217022968059829e-05
Rio Arriba County,15179593238,91463246,36.5096687,-106.6939829,05000US35039,38962,35039,2.566735444693212e-06
Caledonia County,1680273211,22375999,44.4687907,-72.1121676,05000US50005,30027,50005,1.7870308116219797e-05
Botetourt County,1401898974,12126225,37.5654822,-79.7975457,05000US51023,33440,51023,2.3853359350557594e-05
Madison County,1853137786,63560244,38.8271195,-89.9002267,05000US17119,264403,17119,0.00014267854338598004
Collin County,2178839147,115550728,33.1944942,-96.579428,05000US48085,1006038,48085,0.0004617311935969177
Abbeville County,1272184102,53221051,34.229041,-82.4540577,05000US45001,24582,45001,1.9322675044716132e-05
Dodge County,1370277209,36091675,41.5770082,-96.6458524,05000US31053,36565,31053,2.668438164178793e-05
Sarasota County,1440039085,1086628535,27.2253265,-82.4237137,05000US12115,427766,12115,0.00029705165953881034
Marquette County,1180288171,22670053,43.8260529,-89.4090953,05000US55077,15380,55077,1.3030716038583429e-05
Mohave County,34530024782,333401646,35.717705,-113.7496891,05000US04015,210998,04015,6.110566132868523e-06
Yavapai County,21038142263,11513573,34.631071,-112.5772247,05000US04025,232396,04025,1.1046412610714078e-05
Horry County,2935248129,314476303,33.9092694,-78.9766749,05000US45051,344186,45051,0.00011725959267275289
Montgomery County,1250887844,10984167,40.2099992,-75.3702011,05000US42091,827180,42091,0.000661274313254898
Lewis County,1240141960,2340247,46.2363277,-116.42376,05000US16061,3850,16061,3.1044832964122912e-06
Arecibo Municipio,326179587,117205829,18.4340042,-66.6749944,05000US72013,83682,72013,0.0002565519221164505
Norton city,19366113,89335,36.9315489,-82.625996,05000US51720,3969,51720,0.00020494561815269797
Morris County,1193911893,53230151,40.8588961,-74.5472917,05000US34027,492715,34027,0.00041268958194388305
Sullivan County,1678265913,9121738,40.209587,-93.1097826,05000US29211,6163,29211,3.6722428503497827e-06
Ness County,2783562234,667491,38.4804369,-99.9087452,05000US20135,2838,20135,1.0195568704500536e-06
Brazoria County,3530999266,635436647,29.1678175,-95.434647,05000US48039,368062,48039,0.00010423734820453514
Staunton city,51593819,147694,38.1579778,-79.0618761,05000US51790,24660,51790,0.0004779642305602537
Chase County,2316533441,7978172,40.5303903,-101.6941918,05000US31029,3707,31029,1.6002359104299243e-06
Montgomery County,1194894576,7494897,39.7537357,-84.2905915,05000US39113,531988,39113,0.00044521752017727796
Throckmorton County,2363499444,7586186,33.1706954,-99.205796,05000US48447,1500,48447,6.346521484521237e-07
Oglethorpe County,1137165335,7708032,33.8668062,-83.0740805,05000US13221,15040,13221,1.3225869218041192e-05
Conway County,1429458480,37757545,35.265702,-92.6892479,05000US05029,20895,05029,1.4617423515511973e-05
Nodaway County,2271326613,2361588,40.3611359,-94.8831457,05000US29147,22199,29147,9.773583364428268e-06
Ransom County,2233792873,3582338,46.4492764,-97.6475541,05000US38073,5258,38073,2.3538440217773943e-06
Bay County,1145830342,487717966,43.6997112,-83.9787007,05000US26017,103506,26017,9.033274491521538e-05
Shelby County,1969826793,51308328,35.1845529,-89.8946125,05000US47157,936611,47157,0.0004754788610492821
Butte County,4238488698,105260548,39.6653362,-121.6032086,05000US06007,223344,06007,5.2694253993266165e-05
Pine County,3655344652,60270933,46.1009402,-92.7630936,05000US27115,29254,27115,8.00307571106704e-06
Bastrop County,2300500049,19009784,30.1007718,-97.3106392,05000US48021,86839,48021,3.774788009143833e-05
Klickitat County,4847515940,84930636,45.8704463,-120.7793049,05000US53039,22055,53039,4.549752960688562e-06
San Juan County,450432205,1157478544,48.5071904,-123.1037693,05000US53055,16953,53055,3.7637184490394064e-05
Brown County,1372931376,221810753,44.4740244,-87.9961303,05000US55009,262559,55009,0.00019123971131387415
Wilson County,1477385742,12048762,37.5585146,-95.7451749,05000US20205,8600,20205,5.821093134659479e-06
Natchitoches Parish,3246092085,119733774,31.7325086,-93.0825461,05000US22069,38505,22069,1.1861955542767667e-05
Terrebonne Parish,3185305317,2207679634,29.3341299,-90.8436739,05000US22109,111297,22109,3.494076357641668e-05
Irwin County,917795237,21756147,31.6043062,-83.2770374,05000US13155,9379,13155,1.021905499385371e-05
North Slope Borough,230052127559,15551055437,69.4493427,-153.4728302,05000US02185,9375,02185,4.0751633551381324e-08
Arenac County,940627660,822313309,44.0368327,-83.7406755,05000US26011,15013,26011,1.5960619316680523e-05
Lee County,1340448561,55266767,40.6475875,-91.4771574,05000US19111,33946,19111,2.5324358567460165e-05
Osborne County,2311604929,4806274,39.3482608,-98.7679416,05000US20141,3494,20141,1.5115039582094609e-06
Emmet County,1210909558,1073450424,45.5900944,-84.9868217,05000US26047,33175,26047,2.7396761203861933e-05
Fremont County,1323918215,14168938,40.7425902,-95.5991816,05000US19071,6895,19071,5.208025633214813e-06
Lincoln County,1180688993,631299424,43.9947814,-69.5136244,05000US23015,34415,23015,2.9148234805302364e-05
Seneca County,838372770,172818530,42.7822943,-76.827088,05000US36099,34295,36099,4.0906624388575976e-05
Laurel County,1124025614,25134447,37.1132678,-84.119395,05000US21125,60631,21125,5.3940941598507025e-05
Meigs County,505397668,55738399,35.512203,-84.8161015,05000US47121,12237,47121,2.4212616667633693e-05
Taney County,1637731194,49953773,36.6498267,-93.0428188,05000US29213,55563,29213,3.392681302252829e-05
Taylor County,975613090,7801539,32.5546668,-84.2514261,05000US13269,8126,13269,8.329121537309426e-06
Williamsburg city,23149770,416905,37.269481,-76.7081925,05000US51830,15034,51830,0.0006494232988059924
Scurry County,2345090474,5436957,32.7443531,-100.9133465,05000US48415,16918,48415,7.214220597273212e-06
Gilpin County,388556750,942056,39.8611555,-105.5288778,05000US08047,6108,08047,1.571971147071824e-05
McClain County,1478150668,24712058,35.0164359,-97.4498032,05000US40087,39921,40087,2.7007395703453417e-05
Pendleton County,1802760298,5428393,38.6744501,-79.3406175,05000US54071,6968,54071,3.865183855962641e-06
Page County,802949683,8369917,38.6232085,-78.4918718,05000US51139,23862,51139,2.9717926920210268e-05
Le Flore County,4116554962,49752941,34.8973562,-94.6950743,05000US40079,49999,40079,1.21458356469285e-05
Summers County,933930185,18478164,37.6559986,-80.856325,05000US54089,12710,54089,1.3609154307396115e-05
Mecklenburg County,1356130079,58209535,35.2468623,-80.8338317,05000US37119,1095170,37119,0.0008075700236717483
Essex County,326557433,8638155,40.7874003,-74.2462919,05000US34013,798698,34013,0.00244581172954039
Linn County,1594366554,14989603,39.8644404,-93.108019,05000US29115,12004,29115,7.52900891572516e-06
Montgomery County,624563058,9191488,32.1721081,-82.5333487,05000US13209,9069,13209,1.4520551422047123e-05
Sherman County,2133151635,19617472,45.3992158,-120.6785124,05000US41055,1686,41055,7.903798175135356e-07
Greene County,1003664492,48417220,33.5767036,-83.1666253,05000US13133,17808,13133,1.774298098811291e-05
Buffalo County,1220933806,42362357,44.0443062,-99.2039983,05000US46017,2005,46017,1.642185669810178e-06
Mellette County,3385957220,9219640,43.5846896,-100.7609555,05000US46095,2065,46095,6.098718518363324e-07
Ector County,2325440847,10256582,31.8653008,-102.5425068,05000US48135,162067,48135,6.96930219528392e-05
Limestone County,2345053180,71830221,31.5475427,-96.593623,05000US48293,23364,48293,9.963100282442209e-06
Grays Harbor County,4924794342,834310602,47.1137324,-123.8267349,05000US53027,73769,53027,1.4979102654272827e-05
Berkeley County,831767529,1060958,39.4479382,-78.0377535,05000US54003,117615,54003,0.00014140369261757992
Villalba Municipio,92298569,3622640,18.1307185,-66.4722435,05000US72149,21899,72149,0.00023726261671510855
Park County,7258388273,27861799,45.4630812,-110.5349297,05000US30067,16513,30067,2.275022963627562e-06
Denton County,2275318245,189471919,33.205132,-97.1211403,05000US48121,861690,48121,0.0003787118579537431
Cherokee County,1017770812,11691708,35.0497962,-81.6076469,05000US45021,57110,45021,5.6112829456932786e-05
Yancey County,809610024,1524558,35.8893259,-82.3039535,05000US37199,17870,37199,2.20723551713337e-05
Red River County,2703677245,33255080,33.6196255,-95.0484293,05000US48387,12115,48387,4.480934261811269e-06
Matagorda County,2830645444,1345742564,28.7747601,-96.0015316,05000US48321,36791,48321,1.2997389015280713e-05
Stevens County,1459664592,30322218,45.5934609,-95.9923146,05000US27149,9770,27149,6.693318488059893e-06
Warren County,736483608,6034478,33.4191691,-82.6880123,05000US13301,5259,13301,7.140688459151694e-06
Hardeman County,1800337387,4548860,34.2899036,-99.7456973,05000US48197,3958,48197,2.1984768125020334e-06
Monroe County,997990371,33755713,38.2779831,-90.1790777,05000US17133,34444,17133,3.451335904722872e-05
Jenkins County,899569112,13332769,32.7945631,-81.9715244,05000US13165,8787,13165,9.768009909170825e-06
Grayson County,1294808799,28746004,37.4585771,-86.3440114,05000US21085,26313,21085,2.0321919360079975e-05
Palo Pinto County,2467090694,85364147,32.7522042,-98.3179673,05000US48363,28792,48363,1.1670426251463943e-05
Heard County,766567357,13263789,33.2913469,-85.1378862,05000US13149,11785,13149,1.5373730556596087e-05
Lawrence County,1788864348,68682286,34.529776,-87.3218651,05000US01079,32969,01079,1.8430128610288565e-05
Guaynabo Municipio,71444633,468303,18.3443567,-66.1140555,05000US72061,85312,72061,0.00119409949239994
Marshall County,1829011199,9173803,34.7661897,-89.504231,05000US28093,35502,28093,1.9410488038241915e-05
Clark County,2524300310,6603384,37.2338311,-99.8138686,05000US20025,2006,20025,7.946756541023441e-07
Haskell County,1495772609,910409,37.554979,-100.8799515,05000US20081,3990,20081,2.6675177603817187e-06
Bienville Parish,2101370397,27972980,32.3409517,-93.0411511,05000US22013,13391,22013,6.372508159017337e-06
Walker County,1156145202,1672676,34.735802,-85.3054565,05000US13295,69398,13295,6.002533235440439e-05
Iowa County,1518911689,2686847,41.6839184,-92.0591226,05000US19095,16155,19095,1.0635904718486895e-05
Buffalo County,2507679097,18593336,40.8552654,-99.0749839,05000US31019,49594,31019,1.9776852652052074e-05
Beaver County,4700407073,7347161,36.7483343,-100.4830555,05000US40007,5326,40007,1.1330933507000958e-06
Butler County,1502550829,4194983,42.734757,-92.780153,05000US19023,14508,19023,9.65558017738114e-06
Roosevelt County,6098391680,38582249,48.2827471,-104.9951698,05000US30085,11091,30085,1.818676231697863e-06
Barceloneta Municipio,48421895,31649450,18.4699891,-66.5582299,05000US72017,23913,72017,0.0004938468434579026
Cowlitz County,2955587569,65453464,46.1967854,-122.6784596,05000US53015,108399,53015,3.6675956123565626e-05
Live Oak County,2692796909,101483818,28.3515349,-98.1269608,05000US48297,12175,48297,4.521321292113827e-06
Moniteau County,1074923593,9948028,38.6330371,-92.5836417,05000US29135,15907,29135,1.4798261107661816e-05
Westmoreland County,593951804,61108785,38.109311,-76.8039326,05000US51193,17873,51193,3.0091667168334756e-05
Yadkin County,867496112,7176192,36.1587653,-80.6651641,05000US37197,37589,37197,4.3330453566344056e-05
Merced County,5019407132,105277636,37.1948063,-120.7228019,05000US06047,273661,06047,5.452058237223702e-05
Dewey County,2589024038,22668882,35.9779598,-99.014385,05000US40043,4885,40043,1.8868113730506815e-06
Burke County,1311146879,20719897,35.746182,-81.7061795,05000US37023,90148,37023,6.875507347335112e-05
Wayne County,1434651139,9842326,35.3541896,-78.0086695,05000US37191,123785,37191,8.628230002053482e-05
Warren County,2290280119,37368145,41.8342984,-79.2981823,05000US42123,39466,42123,1.7231953276192238e-05
Howard County,1521168583,21361761,34.0830639,-93.9909315,05000US05061,13267,05061,8.72158427952492e-06
Davie County,682977540,7511429,35.9293554,-80.5425524,05000US37059,42543,37059,6.229048176313382e-05
McDowell County,1139476689,13977729,35.6822711,-82.0480438,05000US37111,45402,37111,3.9844606246262576e-05
Nevada County,1600067809,7489490,33.6666991,-93.3050716,05000US05099,8249,05099,5.1554065106499495e-06
Yuma County,6123763559,11134665,40.0007703,-102.4216491,05000US08125,10013,08125,1.6351055855649505e-06
Sherman County,2390195607,425429,36.2785929,-101.8992648,05000US48421,3046,48421,1.274372687774754e-06
Uvalde County,4019455745,17385901,29.3503081,-99.768427,05000US48463,26899,48463,6.6921995679293144e-06
Auglaize County,1039590216,1339586,40.561309,-84.2240177,05000US39011,45709,39011,4.396828605782108e-05
Bossier Parish,2174347392,70950348,32.6984813,-93.6265609,05000US22015,126952,22015,5.838625440768574e-05
Emmet County,1025349325,17175565,43.3779844,-94.6693702,05000US19063,9322,19063,9.091535706623692e-06
Saline County,1865429339,2760902,38.7918043,-97.6514783,05000US20169,54384,20169,2.915361030461417e-05
Magoffin County,798866801,1847044,37.698983,-83.069721,05000US21153,12346,21153,1.5454391125711583e-05
Bailey County,2141847187,1775275,34.0675209,-102.8303446,05000US48017,6916,48017,3.228988530076679e-06
Callaway County,2161518051,33189585,38.835547,-91.9234458,05000US29027,44944,29027,2.0792794202762824e-05
Albany County,11070455491,89161376,41.6655141,-105.7218826,05000US56001,38664,56001,3.4925392213023983e-06
Park County,17972027719,67638744,44.4923865,-109.5935975,05000US56029,29273,56029,1.6288089723483248e-06
Montour County,337322557,5408350,41.0292837,-76.6652253,05000US42093,18178,42093,5.3889073300247753e-05
Queens County,281594050,188444349,40.6546581,-73.8412089,05000US36081,2270976,36081,0.008064715856034601
Suwannee County,1783430092,9505389,30.1892438,-82.9927542,05000US12121,44290,12121,2.4834166586441113e-05
Cheboygan County,1852564001,440607445,45.4760217,-84.4954307,05000US26031,25435,26031,1.3729620129868863e-05
Gladwin County,1299620414,36677053,43.9897504,-84.3898162,05000US26051,25312,26051,1.9476456146217475e-05
Montgomery County,511135381,3853437,38.0381086,-83.9124157,05000US21173,28042,21173,5.486217750205009e-05
Lancaster County,1422080346,15487881,34.6868182,-80.7036885,05000US45057,95378,45057,6.706934686797226e-05
Larue County,677419100,5393445,37.5444624,-85.6968413,05000US21123,14269,21123,2.1063769828751508e-05
Woodbury County,2260790940,12793700,42.3932198,-96.0532956,05000US19193,102687,19193,4.5420829579226815e-05
Taylor County,2702224058,1213576997,29.967146,-83.6395729,05000US12123,21709,12123,8.033752765885559e-06
Alexander County,609667765,44639203,37.1836583,-89.3495158,05000US17003,6011,17003,9.859468295818461e-06
Jefferson County,1700185594,20303329,38.2576296,-90.5436807,05000US29099,224777,29099,0.0001322073312426855
Lincoln County,1622812388,35978958,39.0622547,-90.9629165,05000US29113,57590,29113,3.548777444999391e-05
Chatham County,1121772804,509852786,31.9804037,-81.085184,05000US13051,289649,13051,0.0002582064736880535
Union County,630804540,16049423,30.0542796,-82.366918,05000US12125,15282,12125,2.422620483993346e-05
Genesee County,1276705561,6137411,43.0009096,-78.1927784,05000US36037,57554,36037,4.508008875195931e-05
Clay County,1469139465,13866648,43.0812244,-95.1498753,05000US19041,16138,19041,1.0984661691053272e-05
Fallon County,4197320396,5915331,46.3181841,-104.4057182,05000US30025,2975,30025,7.087855391823655e-07
Potter County,2230336533,97172021,45.0527131,-99.9620034,05000US46107,2311,46107,1.0361665003493892e-06
Culberson County,9873439554,556134,31.4459085,-104.5269447,05000US48109,2183,48109,2.210982290478101e-07
Cumberland County,2165803498,987408428,43.8083479,-70.3303753,05000US23005,294520,23005,0.00013598648274045774
Atascosa County,3158596616,4995711,28.8914775,-98.535381,05000US48013,50194,48013,1.5891234653307816e-05
Kingman County,2236245128,8391920,37.5529509,-98.1445285,05000US20095,7173,20095,3.207609000546026e-06
Rabun County,958643875,17853952,34.8839345,-83.4048701,05000US13241,16859,13241,1.7586301273765505e-05
Upshur County,918506904,302703,38.9025302,-80.2316057,05000US54097,24451,54097,2.662037693295335e-05
Texas County,3049106824,5071079,37.3142565,-91.9644783,05000US29215,25518,29215,8.369008195824366e-06
Pulaski County,1964009182,126988884,34.7703106,-92.312996,05000US05119,393078,05119,0.00020014061217357384
Crawford County,1849765416,2171717,42.0431192,-95.3890903,05000US19047,16998,19047,9.189273327834776e-06
Bannock County,2881339392,92073120,42.6929211,-112.2289819,05000US16005,86742,16005,3.0104749284599374e-05
Geauga County,1036773963,20701156,41.4993217,-81.1735054,05000US39055,93657,39055,9.033502319926604e-05
Cayey Municipio,134509879,68570,18.103624,-66.1516668,05000US72035,43126,72035,0.00032061585602942964
Tulare County,12493840855,37260863,36.2288339,-118.7810551,05000US06107,463955,06107,3.713469743888458e-05
Arroyo Municipio,38872745,53456650,17.9720599,-66.0419453,05000US72015,17502,72015,0.00045023833536839245
San Germán Municipio,141145024,29360,18.1077999,-67.0372633,05000US72125,30811,72125,0.0002182932074176416
Wayne County,1563912969,2018185131,43.2181139,-77.0494024,05000US36117,90103,36117,5.761381981352442e-05
Rockbridge County,1545040113,8834926,37.8145174,-79.4477537,05000US51163,22728,51163,1.4710297686620645e-05
Towner County,2655029704,42795048,48.6821831,-99.2481583,05000US38095,2191,38095,8.252261723095208e-07
Delaware County,476078155,17582462,39.9166853,-75.3988178,05000US42045,565328,42045,0.0011874688936315508
Niagara County,1352887560,1598842379,43.2726719,-78.8129431,05000US36063,210145,36063,0.00015533072090632573
Bennington County,1747741036,6891098,43.0353254,-73.1114603,05000US50003,35649,50003,2.0397186577245303e-05
Clay County,1565935901,100834764,29.9865835,-81.8650364,05000US12019,215294,12019,0.00013748583186739264
Wake County,2161570492,58082284,35.7898464,-78.650624,05000US37183,1091662,37183,0.0005050318756849499
Hamilton County,1049999679,18733344,39.1969272,-84.5441868,05000US39061,815790,39061,0.0007769430946654604
Bergen County,602918754,35387155,40.9596985,-74.0747272,05000US34003,931275,34003,0.0015446111002876517
Lincoln County,27540342252,9802713,37.634605,-114.8630367,05000US32017,5177,32017,1.8797878227617316e-07
Nome Census Area,59490634310,13780758093,64.7836858,-164.1889119,05000US02180,10009,02180,1.6824497025605844e-07
McCone County,6843332035,103024685,47.6296277,-105.757222,05000US30055,1826,30055,2.668290813102422e-07
Buchanan County,1479086713,5223042,42.4703284,-91.8386658,05000US19019,21141,19019,1.4293279639514956e-05
DuPage County,848995066,22247645,41.8520577,-88.0860389,05000US17043,926005,17043,0.0010907071631909813
Fall River County,4506292103,24021148,43.2216189,-103.5126087,05000US46047,6721,46047,1.4914701147592251e-06
Kittson County,2846395545,12419294,48.7760403,-96.7803493,05000US27069,4272,27069,1.5008455193461175e-06
Oconee County,477443088,5264894,33.8341247,-83.4377284,05000US13219,39194,13219,8.209145966314627e-05
Wilson County,2081662650,12111507,29.173883,-98.0867336,05000US48493,50110,48493,2.4072104094292128e-05
Fillmore County,1490202741,2989992,40.5250399,-97.5967053,05000US31059,5542,31059,3.7189570569981927e-06
Madison County,1804001483,49634046,30.4472325,-83.4704159,05000US12079,18557,12079,1.0286576909648804e-05
Carolina Municipio,117515775,38721058,18.3967757,-65.9687781,05000US72031,150378,72031,0.0012796409673509791
Sullivan County,1158170861,17983719,39.0892251,-87.4158429,05000US18153,20647,18153,1.782724872060134e-05
La Paz County,11646049270,36551630,33.7276104,-114.038806,05000US04012,21035,04012,1.8061919121521973e-06
Brooks County,1277341275,11955761,30.8229337,-83.5819054,05000US13027,15548,13027,1.2172158141527212e-05
Aleutians West Census Area,11377885025,25183635754,51.9594469,178.338813,05000US02016,5708,02016,5.016749586991015e-07
Kodiak Island Borough,17324067231,14148864370,57.7044003,-153.9183721,05000US02150,13383,02150,7.725091239574629e-07
Stafford County,2051389756,7435417,38.0356303,-98.7198888,05000US20185,4125,20185,2.0108319191587113e-06
Telfair County,1132621093,17356399,31.9136406,-82.9310634,05000US13271,15871,13271,1.4012629729472997e-05
Monroe County,1422818204,338203448,41.916097,-83.4871059,05000US26115,150000,26115,0.00010542457186610468
White County,1308303895,9169176,40.7509496,-86.8642934,05000US18181,24163,18181,1.8468950594999184e-05
Noble County,1064083614,17062367,41.4046794,-85.4172708,05000US18113,47640,18113,4.477091778616563e-05
Livingston County,811362663,74813866,37.2095174,-88.3634261,05000US21139,9172,21139,1.130443933183551e-05
Miller County,731471756,3211332,31.1629309,-84.7303983,05000US13201,5725,13201,7.826686338932273e-06
Lincoln County,1477179214,971039,35.1427838,-86.5934033,05000US47103,34158,47103,2.3123802228102567e-05
Shelby County,983603164,15260573,38.2390111,-85.2282471,05000US21211,48100,21211,4.8901835374738586e-05
York County,1482794081,8595055,40.8730557,-97.5967418,05000US31185,13671,31185,9.219756252857608e-06
Adams County,1343400759,7771555,39.8694707,-77.2177296,05000US42001,102627,42001,7.639343607070271e-05
Allendale County,1056960693,11194313,32.9797573,-81.3632651,05000US45005,8789,45005,8.315351798990693e-06
Davidson County,1304564434,56621444,36.1691287,-86.7847898,05000US47037,690540,47037,0.0005293260968971043
Uintah County,11609319393,56115801,40.1258872,-109.5177482,05000US49047,35736,49047,3.0782166284052377e-06
Utah County,5190543916,362967850,40.1204248,-111.6685082,05000US49049,621506,49049,0.00011973812572593597
Clay County,926180620,7047383,39.3939279,-87.1158582,05000US18021,26231,18021,2.8321689564180257e-05
Kings County,179684485,71158757,40.6350451,-73.9506398,05000US36047,2576771,36047,0.014340531404255633
Morgan County,1547866669,42414965,38.4208062,-92.8748346,05000US29141,20438,29141,1.3203979651040603e-05
Holmes County,1094559493,3694365,40.5655971,-81.9300012,05000US39075,43954,39075,4.015679392586475e-05
Osceola County,1032593803,1835263,43.3785421,-95.6337878,05000US19143,6016,19143,5.826105078804158e-06
Jennings County,975382324,4528274,38.9962289,-85.628103,05000US18079,27639,18079,2.8336580764200932e-05
Twin Falls County,4977206090,18070790,42.352309,-114.6656386,05000US16083,86198,16083,1.731855150084814e-05
Saline County,984170284,17979016,37.7515083,-88.5450236,05000US17165,23735,17165,2.4116761485149656e-05
Kalamazoo County,1455456980,47508422,42.2462657,-85.5328544,05000US26077,264322,26077,0.00018160756630539502
Lee County,1062372306,2715077,34.1586401,-80.2512086,05000US45061,17144,45061,1.613746885453921e-05
Johnson County,10759204098,52952166,44.0440477,-106.5885406,05000US56019,8518,56019,7.916942482375057e-07
Daviess County,1112396615,19102189,38.6960898,-87.076943,05000US18027,33277,18027,2.9914690094593644e-05
Grand Traverse County,1202625102,354771224,44.7186875,-85.5538484,05000US26055,92640,26055,7.703148707434847e-05
Allen Parish,1973788820,10457653,30.6527435,-92.8196052,05000US22003,25572,22003,1.2955793315315263e-05
Hughes County,1920546194,153323261,44.3844521,-99.9756842,05000US46065,17560,46065,9.143232302799794e-06
Hyde County,2229019814,14541548,44.5371743,-99.4727359,05000US46069,1446,46069,6.487156331756143e-07
Clarendon County,1572656992,229097204,33.6646821,-80.2178886,05000US45027,33865,45027,2.153362123607943e-05
Stillwater County,4653550993,23732517,45.6585447,-109.3815759,05000US30095,9562,30095,2.0547749480737236e-06
Bledsoe County,1052973468,858669,35.5935612,-85.2059104,05000US47007,14961,47007,1.4208335209448981e-05
Todd County,969958409,6612330,36.8403384,-87.1836416,05000US21219,12334,21219,1.2716009145913802e-05
Weakley County,1503107797,3707114,36.3035963,-88.7211938,05000US47183,33377,47183,2.220532690111513e-05
Greene County,1749093980,6607198,37.2581957,-93.3406409,05000US29077,291574,29077,0.00016670001917221166
Lehigh County,894405982,7476005,40.6142409,-75.5906269,05000US42077,367338,42077,0.00041070610817985336
Seward County,1479995692,11542537,40.8719439,-97.140383,05000US31159,17217,31159,1.1633141969983518e-05
Chemung County,1054988422,8875327,42.1486972,-76.7524712,05000US36015,84115,36015,7.973073281746404e-05
Wyoming County,1535219438,9158067,42.7013627,-78.2285667,05000US36121,40027,36121,2.607249426970843e-05
Stanislaus County,3874667294,46351770,37.5623162,-121.0028311,05000US06099,546235,06099,0.00014097597511039358
Northampton County,957745652,19058409,40.7527913,-75.3074468,05000US42095,304233,42095,0.00031765531836630047
Morgan County,1501337447,50196644,34.4544844,-86.8464021,05000US01103,119352,01103,7.949711787878958e-05
Breckinridge County,1475798321,40885738,37.777988,-86.4329188,05000US21027,20283,21027,1.3743747849134462e-05
Grenada County,1093291103,70659566,33.770031,-89.8027405,05000US28043,20927,28043,1.9141288118577145e-05
Simpson County,606589242,5852914,36.7409366,-86.5817934,05000US21213,18319,21213,3.020000806410609e-05
Grand Isle County,211781772,292265362,44.7957425,-73.2950822,05000US50013,7075,50013,3.3407029949678575e-05
Columbiana County,1377658471,7277033,40.770073,-80.778455,05000US39029,102514,39029,7.441176616552014e-05
Nelson County,1219224542,8983980,37.7890795,-78.8834397,05000US51125,14812,51125,1.2148705582732603e-05
Osceola County,3438328928,462135107,28.0590267,-81.1393116,05000US12097,363666,12097,0.00010576824021648693
Grant County,1636573600,2896901,34.2855683,-92.4229794,05000US05053,18229,05053,1.1138515249176694e-05
Laurens County,2090990042,28838468,32.3932197,-82.9263171,05000US13175,47404,13175,2.267060055181267e-05
New York County,58679457,29014840,40.7766419,-73.9701871,05000US36061,1629153,36061,0.027763600470945053
Benton County,2195586678,94813527,36.3378189,-94.2562984,05000US05007,273510,05007,0.00012457262687034758
Isabela Municipio,143255842,94636935,18.4839829,-67.0140227,05000US72071,41084,72071,0.0002867876061906083
Marion County,4113993941,192281837,29.2028047,-82.0431004,05000US12083,360210,12083,8.755725097457065e-05
Nottoway County,814265583,4297830,37.1411668,-78.0538655,05000US51135,15338,51135,1.8836606041348552e-05
Warren County,923435921,15822933,40.8534914,-75.0094978,05000US34041,105730,34041,0.00011449630407002545
Columbia County,1643770717,35071400,42.2476964,-73.6267175,05000US36021,60016,36021,3.651117481246626e-05
Martinsville city,28374648,135578,36.6835269,-79.8636475,05000US51690,12646,51690,0.000445679537592854
Choctaw County,1995267309,75490278,34.0276995,-95.5540792,05000US40023,14727,40023,7.380965915479749e-06
Dickinson County,2193895360,12632458,38.8677353,-97.1579434,05000US20041,18614,20041,8.48445205700239e-06
Starr County,3168019235,15346374,26.5309027,-98.7402346,05000US48427,64032,48427,2.0211998491858904e-05
Effingham County,1240161595,10552453,32.361688,-81.3433553,05000US13103,62241,13103,5.018781443558571e-05
Roger Mills County,2955524813,13688537,35.7085544,-99.7415716,05000US40129,3635,40129,1.2299000109934114e-06
Richland County,1518120276,8153423,43.3761994,-90.4356927,05000US55103,17408,55103,1.1466812132874773e-05
Lea County,11374066527,8147103,32.7956865,-103.4132707,05000US35025,70359,35025,6.185914231553008e-06
Lamar County,1566544684,1600679,33.7870852,-88.0874309,05000US01075,13854,01075,8.843667302630226e-06
Florida Municipio,39391497,34012,18.3739534,-66.5600846,05000US72054,11513,72054,0.0002922711975124987
Marshall County,972442319,1801922,35.4683433,-86.765865,05000US47117,33708,47117,3.46632384681317e-05
Appomattox County,865635017,3206454,37.3707253,-78.8109404,05000US51011,15814,51011,1.826866946164679e-05
Madison County,2160639839,7455609,36.0125452,-93.7240531,05000US05087,16393,05087,7.587104386442816e-06
Sheridan County,6535475076,7986330,44.7813692,-106.8812114,05000US56033,30397,56033,4.651077335085532e-06
Cumberland County,1412785599,12511257,40.1648047,-77.2634419,05000US42041,251487,42041,0.00017800790167878827
Franklin County,2000245527,1547615,39.9267722,-77.7245208,05000US42055,154954,42055,7.74674898198135e-05
Luzerne County,2304216457,42104537,41.1730778,-75.9760533,05000US42079,317547,42079,0.0001378112716083253
Crawford County,1441077823,17917863,44.6801748,-84.6113432,05000US26039,13904,26039,9.648333891541678e-06
Russell County,1660652494,15564412,32.2898113,-85.1869798,05000US01113,57938,01113,3.48886959850614e-05
Carroll County,1022040910,11183048,40.5798841,-81.090787,05000US39019,27195,39019,2.6608523919066998e-05
Fluvanna County,743630407,10747024,37.830584,-78.2834938,05000US51065,26873,51065,3.613757553085104e-05
Lake County,1148954660,2395002634,42.1859677,-87.8059389,05000US17097,699682,17097,0.0006089726813066757
Madison County,731214552,8448220,34.1285257,-83.2037373,05000US13195,29624,13195,4.051341691569618e-05
Dallas County,1728358306,1731378,33.9678233,-92.6539989,05000US05039,7114,05039,4.1160446738987695e-06
Jackson County,4179530231,18750017,40.6634319,-106.3292476,05000US08057,1316,08057,3.148679222940163e-07
Kit Carson County,5596501950,2251929,39.3053399,-102.6030226,05000US08063,7246,08063,1.2947373314146706e-06
Owyhee County,19860558063,74129063,42.5728508,-116.1896903,05000US16073,11724,16073,5.903157385009076e-07
Wood County,2053959984,41993013,44.4614126,-90.0388252,05000US55141,72892,55141,3.548852001393227e-05
Chautauqua County,2746454150,1139025723,42.3042159,-79.4075949,05000US36013,127584,36013,4.645407970855803e-05
Cobb County,880026860,12347127,33.9399286,-84.5741213,05000US13067,756653,13067,0.0008598067108997105
Johnson County,772956196,11007739,36.4532029,-81.8612467,05000US47091,17755,47091,2.2970253802066683e-05
Belmont County,1378201570,23693388,40.0176819,-80.9677268,05000US39013,67424,39013,4.892172630452017e-05
Wise County,1044905568,5255279,36.9745607,-82.6215601,05000US51195,38032,51195,3.639754745760911e-05
Carter County,1314052440,4304986,36.9448579,-90.9457051,05000US29035,6085,29035,4.630713215676537e-06
Bryan County,2342004162,102054905,33.9640035,-96.2651348,05000US40013,47325,40013,2.0207052048782823e-05
Clay County,1482222881,3234877,40.5236693,-98.0508585,05000US31035,6193,31035,4.178184050040987e-06
Charles County,1185757838,479438830,38.4728532,-77.0154272,05000US24017,161448,24017,0.0001361559627320802
Cerro Gordo County,1471889949,17659669,43.0749751,-93.2509646,05000US19033,42672,19033,2.89912979085096e-05
Greene County,1475154712,4404193,42.0425128,-94.3887271,05000US19073,8923,19073,6.048857063881988e-06
Rowan County,724780974,16641982,38.2042659,-83.4280787,05000US21205,24534,21205,3.385022631678519e-05
Wayne County,6374011495,15049641,38.2598402,-110.990877,05000US49055,2698,49055,4.2328132011001337e-07
Cape Girardeau County,1498351217,20284964,37.3841408,-89.6856575,05000US29031,78834,29031,5.2613832528425145e-05
Walla Walla County,3289370358,74932288,46.2546057,-118.4803697,05000US53071,60785,53071,1.8479220453898186e-05
Mississippi County,1066029407,44515175,36.826264,-89.2959286,05000US29133,13328,29133,1.2502469361992e-05
Cleveland County,1548589576,2561701,33.8932006,-92.1887141,05000US05025,8063,05025,5.206673301280183e-06
Dallas County,2261201323,91898226,32.7669866,-96.7784238,05000US48113,2622634,48113,0.0011598409983771267
Lajas Municipio,155287830,106643202,17.9785111,-67.0401109,05000US72079,22391,72079,0.000144190307765908
DeKalb County,939731962,2657419,41.3967596,-85.0026969,05000US18033,43193,18033,4.596310623305159e-05
Ouachita Parish,1580795917,55329753,32.480932,-92.1515814,05000US22073,154679,22073,9.784881042300921e-05
St. John the Baptist Parish,555484721,506440074,30.1440682,-90.4909596,05000US22095,43055,22095,7.750888255304505e-05
St. Helena Parish,1058078903,2796358,30.8225386,-90.7083074,05000US22091,10227,22091,9.665630768181e-06
Schuyler County,795916404,2216011,40.4693611,-92.5190156,05000US29197,4550,29197,5.7166807683988885e-06
Franklin County,1641845708,32639621,34.4419892,-87.8428144,05000US01059,31587,01059,1.923871399492065e-05
Carroll County,333273743,22243659,38.6683939,-85.1240238,05000US21041,10691,21041,3.207873474748954e-05
Clear Creek County,1023234052,3274908,39.6894025,-105.6707833,05000US08019,9533,08019,9.31653904731466e-06
Kimble County,3240024039,505509,30.479472,-99.7463959,05000US48267,4375,48267,1.350298623509688e-06
Mackinac County,2646654800,2793754477,46.1678678,-85.3037625,05000US26097,10781,26097,4.073443956499352e-06
McCulloch County,2759893532,20286193,31.2054766,-99.3598557,05000US48307,7970,48307,2.88779255706448e-06
Tishomingo County,1098925142,52373918,34.7388349,-88.2348272,05000US28141,19396,28141,1.764997383233953e-05
Crockett County,7270935061,53329,30.7175316,-101.4042113,05000US48105,3393,48105,4.6665249676062263e-07
Hill County,2483422646,69544723,31.9826809,-97.130668,05000US48217,36109,48217,1.4540013983588359e-05
Logan County,4761947975,16363553,40.7280911,-103.0904639,05000US08075,22282,08075,4.67917753763364e-06
Finney County,3372157852,1716371,38.0498075,-100.7399674,05000US20055,36451,20055,1.080939908503429e-05
Montgomery County,1666900085,20430012,37.1895369,-95.7424028,05000US20125,32114,20125,1.926570181919452e-05
Fairfield County,1777521260,61063162,34.3956685,-81.1270007,05000US45039,22406,45039,1.2605193819172661e-05
Cheyenne County,3097646971,292549,41.2142358,-103.0119289,05000US31033,9428,31033,3.043600542045112e-06
Martin County,1844928076,44669373,43.6771732,-94.5470963,05000US27091,19737,27091,1.0697978017003195e-05
Sevier County,1534538403,13489383,35.7878224,-83.5249005,05000US47155,98007,47155,6.386741433671373e-05
Polk County,1125622665,19906879,35.1094371,-84.5411124,05000US47139,16807,47139,1.4931291384400117e-05
Kent County,2337482031,1065195,33.1847797,-100.7697199,05000US48263,704,48263,3.0117878583170164e-07
Teton County,5883457566,52625570,47.8190352,-112.2817249,05000US30099,6127,30099,1.0413944404744944e-06
Garden County,4416875795,66053093,41.6333638,-102.3029845,05000US31069,1916,31069,4.337907808430914e-07
Macoupin County,2235091603,12250027,39.2659138,-89.9263301,05000US17117,45243,17117,2.024212338289564e-05
Ross County,1784931094,9994410,39.3238949,-83.0595381,05000US39141,76816,39141,4.303583497324631e-05
Whiteside County,1771808920,31883751,41.7506733,-89.9110045,05000US17195,55583,17195,3.137076429212243e-05
El Paso County,2624264468,5322143,31.7664803,-106.2414234,05000US48141,836915,48141,0.0003189141224923219
Loving County,1732230053,19981167,31.8449361,-103.5612293,05000US48301,117,48301,6.754299164673366e-08
Latimer County,1870243094,18243671,34.8751365,-95.2722625,05000US40077,10239,40077,5.474689377465494e-06
Washington County,1636805226,20784952,39.4506764,-81.4906359,05000US39167,60217,39167,3.678934979157991e-05
Howell County,2401376397,2920114,36.7743685,-91.8873677,05000US29091,40130,29091,1.6711249452661293e-05
Edwards County,1610699245,206413,37.8835945,-99.3047457,05000US20047,2822,20047,1.752034098705994e-06
Jefferson County,986271740,43513298,38.1895321,-85.6576243,05000US21111,768419,21111,0.0007791148918045649
Logan County,1600748259,2262329,40.1292768,-89.3653086,05000US17107,28818,17107,1.8002830762410343e-05
Winnebago County,1125859770,372631716,44.0857068,-88.6681488,05000US55139,170924,55139,0.00015181642026342233
Fulton County,533351953,64091345,36.5525115,-89.1876586,05000US21075,6064,21075,1.1369603065838967e-05
Harvey County,1397961179,2503283,38.0501436,-97.4367065,05000US20079,34434,20079,2.4631585280952926e-05
Dawson County,6143260044,29884283,47.2661301,-104.8982713,05000US30021,8824,30021,1.4363709067823404e-06
Taylor County,447475053,7532835,39.3324778,-80.0465539,05000US54091,16817,54091,3.758198336924941e-05
Midland County,1340188403,27503345,43.6482031,-84.3794144,05000US26111,83445,26111,6.22636338392491e-05
Quitman County,1048975539,3676001,34.2528327,-90.2901707,05000US28119,7038,28119,6.7094033543521935e-06
Hardin County,1614586535,17428816,37.6958356,-85.9631827,05000US21093,109627,21093,6.789787826392346e-05
Jefferson County,1479490494,32550293,38.3007796,-88.92421,05000US17081,37774,17081,2.5531762558252705e-05
Hamlin County,1313172143,80426441,44.6806187,-97.178598,05000US46057,6104,46057,4.648286237671126e-06
Lincoln County,2275832535,72745054,45.333148,-89.73224,05000US55069,27687,55069,1.216565787429522e-05
Franklin County,4219857155,176622254,44.5943758,-74.31067,05000US36033,50389,36033,1.194092552168392e-05
Fredericksburg city,27066499,178344,38.2992718,-77.4866583,05000US51630,29059,51630,0.001073615024979773
Raleigh County,1567871999,10328839,37.7624694,-81.2646719,05000US54081,74452,54081,4.7486019297165854e-05
Chaves County,15713914833,20472234,33.3616045,-104.4698374,05000US35005,64912,35005,4.130861131032834e-06
Santa Fe County,4947861287,2643021,35.5145309,-105.9639718,05000US35049,150319,35049,3.038060108818083e-05
Orange County,2053449483,406294114,33.6756872,-117.7772068,05000US06059,3170345,06059,0.0015439118547821613
Santa Cruz County,3201853240,3068237,31.525733,-110.8452278,05000US04023,46594,04023,1.455219727684958e-05
Currituck County,678341928,685097880,36.3721739,-75.9412242,05000US37053,27210,37053,4.0112513876630076e-05
Lawrence County,963938126,5076516,38.7189542,-87.7302207,05000US17101,15830,17101,1.6422215879860324e-05
Howard County,759058590,2194576,40.4835368,-86.1141178,05000US18067,82486,18067,0.00010866881830558034
Pike County,865841645,17588580,38.3979613,-87.2325472,05000US18125,12364,18125,1.4279747424253311e-05
Christian County,1858342356,16919159,36.8920592,-87.4929864,05000US21047,71470,21047,3.84590060971521e-05
Eaton County,1489783175,10942140,42.5895301,-84.8464499,05000US26045,109730,26045,7.365501358947754e-05
Wapello County,1118466714,10822775,41.0312751,-92.4094658,05000US19179,35102,19179,3.138403634245301e-05
Imperial County,10814595262,790216761,33.0408143,-115.3554001,05000US06025,180580,06025,1.66978047375029e-05
Cass County,1269375088,47139869,41.9172431,-86.000142,05000US26027,51613,26027,4.066016458643468e-05
Wilkinson County,1756287539,25018736,31.1610908,-91.3246169,05000US28157,8727,28157,4.969004110209086e-06
Yakutat City and Borough,19744203659,3986124692,60.0174528,-140.416942,05000US02282,597,02282,3.02367221444188e-08
Sheridan County,2320518304,647342,39.3505465,-100.4412278,05000US20179,2515,20179,1.0838095936001718e-06
Leake County,1509697192,6376466,32.7606302,-89.5222495,05000US28079,22791,28079,1.509640484248844e-05
Caguas Municipio,151783110,1201073,18.2111085,-66.0509643,05000US72025,126734,72025,0.0008349677378464574
Camuy Municipio,120058676,40429657,18.4454691,-66.863134,05000US72027,31066,72027,0.0002587568098785297
Clay County,1062082196,15376919,33.65967,-88.782468,05000US28025,19515,28025,1.8374284093544866e-05
Franklin County,1460658822,7250805,31.4777726,-90.8954573,05000US28037,7716,28037,5.2825477680235444e-06
Neshoba County,1476641121,3830971,32.752518,-89.1192743,05000US28099,29250,28099,1.980846908840757e-05
Edmunds County,2916275923,64969684,45.4116802,-99.205362,05000US46045,3876,46045,1.3290923432281822e-06
Río Grande Municipio,157008570,74876349,18.3763694,-65.7984342,05000US72119,48828,72119,0.00031098939376366524
Conecuh County,2202213384,6426488,31.4309257,-86.9887221,05000US01035,12219,01035,5.548508645336614e-06
Dearborn County,790171258,6019020,39.1408973,-84.975868,05000US18029,49612,18029,6.278638902352988e-05
Jackson County,1320836472,10174044,38.9119571,-86.0425161,05000US18071,44077,18071,3.3370520071465745e-05
Lee County,1165404273,8314455,34.2923703,-88.6824388,05000US28081,85304,28081,7.319691713538105e-05
West Feliciana Parish,1044584261,58751920,30.8733639,-91.421776,05000US22125,15441,22125,1.4781957355185539e-05
Crittenden County,1587312625,81689126,35.1975594,-90.3051195,05000US05035,48381,05035,3.047981805096523e-05
Jackson County,2378091733,94217116,30.7892485,-85.2088141,05000US12063,47409,12063,1.9935732226861075e-05
Dickens County,2335454676,9057848,33.6153628,-100.7876173,05000US48125,2182,48125,9.342934471916937e-07
Mathews County,222508058,430071655,37.4253479,-76.2688078,05000US51115,8760,51115,3.936936072670231e-05
Renville County,2272050275,40658499,48.7127815,-101.6581522,05000US38075,2387,38075,1.0505929495772272e-06
La Salle County,3850545747,19503739,28.3510976,-99.0967743,05000US48283,7551,48283,1.9610207217725076e-06
Onondaga County,2016027798,70512843,43.0065163,-76.1961336,05000US36067,461591,36067,0.00022896063261524532
Henry County,1124800194,5774829,40.9848025,-91.5472594,05000US19087,19889,19087,1.768225157329587e-05
Harlan County,1433471221,53339808,40.1787663,-99.4034177,05000US31083,3380,31083,2.3579127020367295e-06
Powder River County,8542288822,1565958,45.4089262,-105.555344,05000US30075,1634,30075,1.9128362831654207e-07
Juana Díaz Municipio,156119306,121326507,17.9979735,-66.4904965,05000US72075,45414,72075,0.00029089291493519706
Pepin County,600894491,43241432,44.6274362,-91.8348898,05000US55091,7261,55091,1.2083652136527909e-05
Apache County,29003486215,54150732,35.385084,-109.4901722,05000US04001,71714,04001,2.472599309903339e-06
Macon County,2075118027,28912941,39.829795,-92.56434,05000US29121,15154,29121,7.3027171480497195e-06
Lamb County,2631897589,3973764,34.0688615,-102.3480182,05000US48279,13018,48279,4.946241090234154e-06
Kiowa County,1871627807,596764,37.5612311,-99.2865389,05000US20097,2483,20097,1.326652655358844e-06
Austin County,1674415880,25596214,29.8919013,-96.2701696,05000US48015,29892,48015,1.785219571615625e-05
Daviess County,1458893649,14926594,39.9628387,-93.970053,05000US29061,8294,29061,5.685129965220652e-06
Seminole County,615233530,49243434,30.9339599,-84.8676853,05000US13253,8218,13253,1.3357529457147759e-05
Manistee County,1404616374,1912438851,44.2452677,-86.3275365,05000US26101,24539,26101,1.7470250563945084e-05
Lyon County,1521901261,440273,43.3835796,-96.2072011,05000US19119,11800,19119,7.75345963787857e-06
Hutchinson County,2298408153,19507502,35.837047,-101.3627461,05000US48233,21105,48233,9.182442192633485e-06
Texas County,5286873570,19218939,36.7463169,-101.4838549,05000US40139,20633,40139,3.90268458793502e-06
Woodward County,3218801191,9693573,36.4256189,-99.2736609,05000US40153,20352,40153,6.3228508976900025e-06
Adams County,1096686247,5367875,41.0216555,-94.6969059,05000US19003,3633,19003,3.312706811030156e-06
Sutter County,1560975503,14811541,39.0361898,-121.7039397,05000US06101,96315,06101,6.170180109482474e-05
Potter County,2800422768,558970,41.7485866,-77.8944358,05000US42105,16685,42105,5.9580289771447824e-06
Val Verde County,8144863966,227711025,29.8752853,-101.1433237,05000US48465,49018,48465,6.018271171209393e-06
Harper County,2075290355,3899269,37.188184,-98.0665901,05000US20077,5506,20077,2.6531227241211747e-06
Monona County,1797639077,12591063,42.0494317,-95.9565661,05000US19133,8675,19133,4.8257740449641995e-06
Juab County,8784407522,36542088,39.71412,-112.790471,05000US49023,11623,49023,1.3231398897297196e-06
Stephens County,2253830200,54833890,34.4813609,-97.8556068,05000US40137,43401,40137,1.9256552689727914e-05
Chenango County,2314393901,13046917,42.4780238,-75.6022407,05000US36017,47527,36017,2.053539804934009e-05
Peoria County,1602499827,30699174,40.7859722,-89.7669933,05000US17143,181111,17143,0.0001130177969123737
Humboldt County,1125017998,3373409,42.7822212,-94.2027754,05000US19091,9518,19091,8.46030909453948e-06
Washington County,1009985085,8392880,41.5339726,-96.2245771,05000US31177,20546,31177,2.0342874667302636e-05
Iowa County,1975379904,13870324,43.0010208,-90.1336915,05000US55049,23632,55049,1.1963268408343593e-05
Morrison County,2913980727,73275528,46.0204839,-94.2666194,05000US27097,33119,27097,1.1365552178547405e-05
Allegheny County,1890571829,37043982,40.4697574,-79.9804515,05000US42003,1218380,42003,0.0006444505209011025
Shelby County,1297230222,3764606,39.7975309,-92.0887194,05000US29205,5975,29205,4.605967313024873e-06
Madison County,1206451441,2129636,39.8966074,-83.4008847,05000US39097,44248,39097,3.667615495848208e-05
Washington County,2317418814,10139123,39.7767142,-97.0956108,05000US20201,5474,20201,2.3621107962576505e-06
Champaign County,2579896781,6111775,40.1389845,-88.1969749,05000US17019,210006,17019,8.140093105531108e-05
Washington County,3762870369,53228012,44.4482229,-116.7977917,05000US16087,10128,16087,2.6915622933594606e-06
Edgar County,1614400676,1565052,39.679037,-87.7471102,05000US17045,17272,17045,1.0698707115754454e-05
Washington County,6521806795,15207397,39.9657899,-103.2097445,05000US08121,4869,08121,7.465722541386631e-07
Hardin County,1218033114,630279,40.6604152,-83.6640773,05000US39065,31393,39065,2.5773519323219318e-05
Missaukee County,1462793670,23588781,44.325424,-85.0854708,05000US26113,15075,26113,1.0305622938606235e-05
Stutsman County,5754703480,197271625,46.9722235,-98.9561228,05000US38093,20879,38093,3.628162610387008e-06
Shannon County,2599881424,464012,37.1524984,-91.3913284,05000US29203,8207,29203,3.1566824256828105e-06
Smith County,2386604289,73163662,32.3770156,-95.2700409,05000US48423,230184,48423,9.644833081920268e-05
Tulsa County,1476854490,42988163,36.1203177,-95.9418132,05000US40143,650291,40143,0.00044032164604110725
McIntosh County,1601354473,242872388,35.3691078,-95.6717865,05000US40091,19677,40091,1.2287722881953071e-05
Robertson County,2214840334,27332985,31.025481,-96.5149408,05000US48395,17094,48395,7.717937829463421e-06
Gillespie County,2740731305,9000601,30.3250929,-98.9418498,05000US48171,26668,48171,9.730249715230658e-06
Oakland County,2246231043,103501949,42.6604518,-83.3842103,05000US26125,1255340,26125,0.0005588650392452082
Golden Valley County,2592280440,4148883,46.9389237,-103.8446117,05000US38033,1796,38033,6.928262746140228e-07
Niobrara County,6801380673,4969450,43.062159,-104.4683727,05000US56027,2377,56027,3.494878634622191e-07
Pipestone County,1204481399,2347611,44.0153614,-96.2570147,05000US27117,9163,27117,7.607423416922357e-06
King George County,465234037,21087162,38.2771799,-77.1626355,05000US51099,26679,51099,5.734533133481805e-05
Grant County,6940003417,289811930,47.2136328,-119.467788,05000US53025,96648,53025,1.3926217927105669e-05
Renville County,2545711095,10851893,44.7236969,-94.9556169,05000US27129,14572,27129,5.724137365241754e-06
Alachua County,2267883140,241319695,29.6757403,-82.357221,05000US12001,268105,12001,0.00011821817238784182
Hooker County,1867796117,882994,41.920317,-101.117324,05000US31091,741,31091,3.9672424268135474e-07
Prince Edward County,906356801,10079281,37.2248813,-78.4329574,05000US51147,22892,51147,2.5257161390241502e-05
Carbon County,3831067716,15844443,39.673284,-110.5884845,05000US49007,20401,49007,5.325147325064927e-06
Bucks County,1565303838,45293815,40.3368872,-75.10706,05000US42017,627668,42017,0.0004009879646126569
Hand County,3720862490,9284294,44.5467133,-99.0045751,05000US46059,3064,46059,8.234649918492419e-07
Lycoming County,3182886778,38917581,41.3438824,-77.0552624,05000US42081,114014,42081,3.5820941161985625e-05
Latah County,2786483032,2369979,46.8189202,-116.7309737,05000US16057,40052,16057,1.4373674463487636e-05
Putnam County,892721731,41451859,33.3210605,-83.3717898,05000US13237,21906,13237,2.4538441531451864e-05
Galax city,21332077,105290,36.6656397,-80.9143083,05000US51640,6402,51640,0.0003001114237493142
Quay County,7443508559,18554572,35.1070184,-103.5480713,05000US35037,8265,35037,1.1103634710014177e-06
King County,2359150569,6396290,33.6142675,-100.2453455,05000US48269,279,48269,1.182629051600818e-07
Lafayette County,1371327392,43028603,33.2406294,-93.611514,05000US05073,6728,05073,4.906195296068293e-06
Tom Green County,3941965406,48077315,31.3988233,-100.4637879,05000US48451,118645,48451,3.009793029117212e-05
Hardee County,1651297014,1472455,27.4928458,-81.8215798,05000US12049,27027,12049,1.636713430161874e-05
Clermont County,1172125417,19874912,39.0520537,-84.1494847,05000US39025,205616,39025,0.00017542150099113498
Yoakum County,2071252479,34329,33.1623386,-102.8322409,05000US48501,8612,48501,4.157870702541233e-06
Yamhill County,1854279942,6381028,45.2478274,-123.3163993,05000US41071,106087,41071,5.721196546276398e-05
Louisa County,1040583976,40784321,41.2182111,-91.2569936,05000US19115,11125,19115,1.0691112160658526e-05
Elk County,1668636744,16061112,37.4560259,-96.2446421,05000US20049,2502,20049,1.4994276069950909e-06
Noble County,1030846430,16984489,39.7672317,-81.452493,05000US39121,14410,39121,1.3978803806887123e-05
Putnam County,1249783612,4544874,41.0245334,-84.1298791,05000US39137,33836,39137,2.70734867021124e-05
Somervell County,482714491,14210911,32.2180714,-97.769217,05000US48425,8958,48425,1.855755351666043e-05
Lebanon County,937148912,1722125,40.3714482,-76.4648185,05000US42075,140410,42075,0.00014982677587529442
Glacier County,7757268509,105821594,48.7056706,-112.9905023,05000US30035,13706,30035,1.766859041181605e-06
Pershing County,15634691970,79934815,40.439639,-118.4094765,05000US32027,6591,32027,4.215625106427984e-07
Mahnomen County,1444868084,64851532,47.3283866,-95.8110885,05000US27087,5508,27087,3.8121127187968256e-06
Passaic County,481772300,32052581,41.0366554,-74.2994078,05000US34031,502763,34031,0.0010435697527649472
Lake County,3860292622,423545836,47.6429007,-114.0836866,05000US30047,30383,30047,7.870646858957212e-06
Kenedy County,3777657843,1261927310,26.8902129,-97.5911434,05000US48261,391,48261,1.0350328596448273e-07
Borden County,2324366072,22297606,32.7385899,-101.439199,05000US48033,653,48033,2.8093681450019033e-07
Perry County,1228574128,25394864,37.7111296,-89.8021249,05000US29157,19227,29157,1.5649849334935694e-05
San Saba County,2940447163,8300211,31.1551375,-98.8192922,05000US48411,6004,48411,2.0418663105221046e-06
Kingfisher County,2326010568,20607580,35.9494357,-97.9345565,05000US40073,15811,40073,6.797475565037932e-06
Burleson County,1707015709,46043236,30.4934867,-96.6220912,05000US48051,18237,48051,1.0683557218511806e-05
Fulton County,1283234687,96916403,43.1156093,-74.4236782,05000US36035,53452,36035,4.1654110928814065e-05
Sunflower County,1807187011,23747316,33.6055289,-90.5950901,05000US28133,25759,28133,1.425364383608886e-05
Hennepin County,1434949241,136637568,45.0061209,-93.4752279,05000US27053,1255296,27053,0.0008748016753019071
Centre County,2871539708,11177389,40.9091275,-77.8478769,05000US42027,162264,42027,5.6507663657911015e-05
Bee County,2279809487,246409,28.4160769,-97.7425858,05000US48025,32609,48025,1.4303388149730952e-05
Henderson County,1346816753,15219341,35.6539945,-88.3876742,05000US47077,27956,47077,2.0757092557490634e-05
Tama County,1867410499,2769418,42.074848,-92.5294115,05000US19171,16962,19171,9.083166239604611e-06
Seward County,1656693305,1961444,37.1809599,-100.8552566,05000US20175,21902,20175,1.32203105631552e-05
Monroe County,1123320781,1522790,41.0288473,-92.8696415,05000US19135,7761,19135,6.908979279356891e-06
Richardson County,1429261300,7077610,40.1237427,-95.7186026,05000US31147,7913,31147,5.5364264043250875e-06
Christian County,1837569687,16227346,39.5455242,-89.2795927,05000US17021,32705,17021,1.7797964469795914e-05
Nassau County,1680075562,200050173,30.6059629,-81.7650867,05000US12089,85762,12089,5.1046513585321703e-05
Washington County,1514305979,81008171,30.6021017,-85.6558052,05000US12133,25094,12133,1.657128767105e-05
Baker County,885665381,18598653,31.3195798,-84.4548812,05000US13007,3090,13007,3.488902317160797e-06
Thomas County,1410592606,19645695,30.8646195,-83.9198155,05000US13275,44545,13275,3.1578926339558596e-05
Anderson County,523612175,5473039,38.0053963,-84.9864171,05000US21005,22580,21005,4.3123519807384155e-05
Oldham County,484959864,23566080,38.4001274,-85.4561499,05000US21185,66508,21185,0.00013714124598154375
Cherokee County,1090597331,34427734,34.2443166,-84.4750574,05000US13057,253780,13057,0.00023269816712947743
Oliver County,1871017444,22475760,47.1180789,-101.3314198,05000US38065,1962,38065,1.0486273157376292e-06
Osceola County,1466674406,17425113,43.9975523,-85.3222825,05000US26133,23323,26133,1.590196154278566e-05
McNairy County,1457753351,1994997,35.1753751,-88.5637397,05000US47109,25814,47109,1.7708071109760736e-05
Adams County,4985698856,12464425,47.0112378,-118.5128614,05000US53001,19702,53001,3.951702774083473e-06
Dade County,1269120978,42072597,37.4323495,-93.854878,05000US29057,7571,29057,5.9655463358040875e-06
St. Mary Parish,1439626085,1460444966,29.6293488,-91.4638037,05000US22101,50020,22101,3.474513314337452e-05
Chittenden County,1391556759,214228923,44.4633289,-73.0694099,05000US50007,163414,50007,0.0001174325078320431
Comerío Municipio,73557193,319739,18.2250315,-66.2194806,05000US72045,18942,72045,0.0002575139048603989
Maui County,3008348848,3203294214,20.8559308,-156.6015502,05000US15009,166657,15009,5.5398163052398766e-05
Lafourche Parish,2765571303,1037643577,29.4919925,-90.394849,05000US22057,97980,22057,3.5428484484820386e-05
Muscatine County,1132977286,30262321,41.483776,-91.1186992,05000US19139,42703,19139,3.769095861644661e-05
Santa Rosa County,2622106399,543294939,30.6753483,-87.0189188,05000US12113,179587,12113,6.84895929732255e-05
Martin County,869615721,12033245,38.705322,-86.8018468,05000US18101,10169,18101,1.1693670841537144e-05
Rockcastle County,819854210,4010849,37.3610502,-84.3143684,05000US21203,16795,21203,2.048534946231477e-05
Trimble County,392766463,11214924,38.6200401,-85.3512075,05000US21223,8528,21223,2.1712648108654836e-05
Chattooga County,811512398,570806,34.4741785,-85.3452894,05000US13055,24826,13055,3.059226212832302e-05
Dillon County,1049117525,4541557,34.3901723,-79.3749638,05000US45033,30473,45033,2.9046316808023963e-05
Jones County,1220836958,6031825,35.0322677,-77.3561946,05000US37103,9453,37103,7.743048683164129e-06
Scotland County,1130548365,7217862,40.4476855,-92.1428235,05000US29199,4923,29199,4.354524010124945e-06
Nemaha County,1858127934,5205446,39.7910427,-96.0053805,05000US20131,10109,20131,5.4404219510538825e-06
Norton County,2274122718,8421464,39.7838666,-99.8992352,05000US20137,5416,20137,2.3815777209961453e-06
Aguas Buenas Municipio,77919504,28383,18.2565236,-66.1284959,05000US72007,25298,72007,0.0003246683911129619
Cataño Municipio,12515561,5615090,18.4446135,-66.148819,05000US72033,23698,72033,0.0018934828410807954
Furnas County,1862542306,3915843,40.191865,-99.9096631,05000US31065,4712,31065,2.529875420719705e-06
Decatur County,1546842840,67154651,30.8806431,-84.5838902,05000US13087,26595,13087,1.7193084722168672e-05
Wayne County,1040539270,6701974,39.8630908,-85.0067351,05000US18177,66176,18177,6.359779194109608e-05
Barren County,1262839457,32153759,36.9628048,-85.9321078,05000US21009,44026,21009,3.486270543413976e-05
Howard County,1474578451,16199402,41.2168513,-98.5133417,05000US31093,6428,31093,4.359211946736905e-06
Dunn County,5201969430,190528746,47.3545572,-102.6123216,05000US38025,4362,38025,8.385285724372279e-07
Amador County,1539965777,29438413,38.4435493,-120.653858,05000US06005,39023,06005,2.534017351737551e-05
Fentress County,1291385622,841022,36.3698921,-84.9377641,05000US47049,18405,47049,1.4252133279520128e-05
Coffey County,1623623917,70470788,38.2364502,-95.7291373,05000US20031,8218,20031,5.061516964584108e-06
Branch County,1311597696,34428004,41.9184551,-85.0668852,05000US26023,43428,26023,3.31107626465364e-05
Campbell County,1303300984,8894442,37.2101515,-79.0954282,05000US51031,55406,51031,4.2512052611171816e-05
Meigs County,1113957873,7519818,39.0898068,-82.0283968,05000US39105,22974,39105,2.0623760159016356e-05
Nicholas County,1675324341,19580622,38.2914318,-80.7975148,05000US54067,24857,54067,1.4837126991877211e-05
Grant County,2591904426,7042653,36.7882544,-97.7881508,05000US40053,4369,40053,1.6856331414744842e-06
Spink County,3894043705,16165380,44.9237717,-98.3396152,05000US46115,6438,46115,1.6532942328648056e-06
Windsor County,2511727722,19354761,43.5724477,-72.5988132,05000US50027,55191,50027,2.1973321199024454e-05
Trinity County,1796920726,52260791,31.096675,-95.1516869,05000US48455,14689,48455,8.17453980437866e-06
Bernalillo County,3007611393,15882874,35.053628,-106.6690805,05000US35001,679037,35001,0.0002257728513665063
Mitchell County,1326483085,4314212,31.228997,-84.192038,05000US13205,22072,13205,1.6639488471125132e-05
Hawaii County,10433635373,2739472560,19.5977643,-155.5024434,05000US15001,201350,15001,1.929816337276367e-05
McCreary County,1105416696,10730402,36.7311363,-84.4910515,05000US21147,17333,21147,1.5680059892998034e-05
Pendleton County,717836498,12306254,38.6962841,-84.3519435,05000US21191,14587,21191,2.0320783410486326e-05
Spencer County,483617871,12782162,38.0254107,-85.3171741,05000US21215,18945,21215,3.917349034440458e-05
Hill County,7509415030,44186124,48.6319595,-110.106321,05000US30041,16422,30041,2.1868547595777244e-06
Valley County,1471402764,6076916,41.5640938,-98.9834841,05000US31175,4100,31175,2.786456638734437e-06
Castro County,2316600393,12557414,34.5336207,-102.2587856,05000US48069,7561,48069,3.263834376807861e-06
Washington County,1185592677,24820607,39.6036207,-77.8146709,05000US24043,150575,24043,0.00012700398958351527
Letcher County,875235600,2856315,37.1185357,-82.8612507,05000US21133,21936,21133,2.5062965903123684e-05
Salem County,859519174,105385672,39.5738282,-75.3573559,05000US34033,62754,34033,7.301058766142196e-05
Lynchburg city,126848431,1422888,37.3990161,-79.1954582,05000US51680,80970,51680,0.0006383208634247908
Saline County,1873940136,17955554,34.6485246,-92.674463,05000US05125,120990,05125,6.456449577853537e-05
Mason County,1115683500,36124377,38.770914,-82.0290067,05000US54053,26700,54053,2.3931518212826486e-05
Gilmer County,876717629,4082112,38.9158671,-80.8494132,05000US54021,7970,54021,9.090726291303992e-06
Jefferson County,1346620554,18988092,31.7336333,-91.0438779,05000US28063,7129,28063,5.293993158521179e-06
Rolette County,2338867291,94423046,48.7682715,-99.8404634,05000US38079,14437,38079,6.172646073402204e-06
Treasure County,2532492072,17149960,46.2294408,-107.2857723,05000US30103,614,30103,2.4244893272858385e-07
Clark County,653939115,6912639,37.9703141,-84.1451152,05000US21049,36152,21049,5.5283434146617764e-05
Morovis Municipio,100676194,139537,18.3180168,-66.420392,05000US72101,30652,72101,0.0003044612512864759
Allegan County,2137395679,2610802947,42.4212512,-86.2614034,05000US26005,117104,26005,5.4788171020720024e-05
Benton County,1021248372,108583505,36.0709478,-88.0712321,05000US47005,16133,47005,1.579733240446233e-05
Brown County,1582765944,18533953,44.2465415,-94.7336472,05000US27015,25076,27015,1.584315109575039e-05
Pickett County,422113138,29822845,36.5593638,-85.075741,05000US47137,5068,47137,1.2006259800423458e-05
Louisa County,1282164640,37822855,37.9727041,-77.959795,05000US51109,36654,51109,2.8587592307958203e-05
Shelby County,1064843749,4190401,39.5241345,-85.7921742,05000US18145,44559,18145,4.184557597473392e-05
Franklin County,1378954535,29030507,39.9698749,-83.0090858,05000US39049,1304715,39049,0.0009461624490759589
Iron County,8537474385,11390956,37.9093044,-113.3067405,05000US49021,53148,49021,6.225260258862844e-06
Esmeralda County,9277050177,18552010,37.7789658,-117.6323824,05000US32009,1030,32009,1.1102667123150992e-07
Keweenaw County,1398883242,14053673396,47.3672969,-88.3513318,05000US26083,2102,26083,1.5026271935281357e-06
Sanpete County,4117901457,32049371,39.3734262,-111.5769332,05000US49039,30421,49039,7.387500725226801e-06
Kearny County,2254696661,1133601,37.9944614,-101.3081363,05000US20093,3863,20093,1.7133125119751974e-06
Brevard County,2628762626,1403940953,28.2983112,-80.7003334,05000US12009,594001,12009,0.0002259622052310782
Monroe County,1021806945,43510634,39.1607286,-86.52331,05000US18105,147318,18105,0.00014417400539394455
Lucas County,1115458264,9852845,41.033344,-93.3314666,05000US19117,8556,19117,7.670390077454302e-06
Woodford County,492386273,4933229,38.0431027,-84.7488546,05000US21239,26486,21239,5.379110152406706e-05
Jasper County,1696857613,120228675,32.43059,-81.021627,05000US45053,29558,45053,1.7419257675805942e-05
Brewster County,16015871248,22062518,29.8089965,-103.2524579,05000US48043,9231,48043,5.763657722431261e-07
McCormick County,929457509,89976619,33.8975992,-82.3161961,05000US45065,9495,45065,1.0215636441751529e-05
Union County,1330180037,4792745,34.6903965,-81.6158961,05000US45087,27325,45087,2.054233204523727e-05
Nicollet County,1161848160,47511407,44.3588204,-94.2456844,05000US27103,34176,27103,2.9415203446205915e-05
Marinette County,3624599046,389876770,45.3468989,-87.991198,05000US55075,40312,55075,1.1121781882188356e-05
Clark County,1627792396,70200672,45.7717295,-122.4859533,05000US53011,481950,53011,0.00029607583939100795
Price County,3247987870,62098964,45.6790725,-90.3596497,05000US55099,13351,55099,4.110544907915558e-06
Miami County,968246953,9184624,40.7728833,-86.0442575,05000US18103,35684,18103,3.685423423170845e-05
Ellsworth County,1853331064,19969761,38.7008451,-98.2053552,05000US20053,6176,20053,3.3323781810846504e-06
West Carroll Parish,931582171,2386489,32.7924797,-91.4519982,05000US22123,10934,22123,1.1737021532156395e-05
Liberty County,2164099094,19582444,30.2598494,-84.8685805,05000US12077,8333,12077,3.850563046351888e-06
Hodgeman County,2227369150,826344,38.0874927,-99.8984067,05000US20083,1872,20083,8.404534111465089e-07
Meade County,2533222397,3258258,37.2438862,-100.3600936,05000US20119,4120,20119,1.6263870100308448e-06
McLean County,654041001,9606626,37.5267075,-87.2655972,05000US21149,9202,21149,1.4069454339912247e-05
Adams County,1197464268,65273639,31.4862243,-91.3517966,05000US28001,31103,28001,2.5974052697161565e-05
Las Marías Municipio,120071824,376224,18.2275938,-66.9775799,05000US72083,8131,72083,6.771780197159328e-05
Itawamba County,1379932997,19825536,34.2810747,-88.3631269,05000US28057,23396,28057,1.695444637592067e-05
Franklin County,538312209,10786432,38.234919,-84.8687863,05000US21073,50744,21073,9.426499929151709e-05
Hancock County,4110642800,1962698999,44.5649063,-68.3707034,05000US23009,54832,23009,1.3339033009630513e-05
Knox County,945697332,2017103596,44.0420446,-69.0385145,05000US23013,39809,23013,4.209486339123985e-05
Newton County,709148422,13974069,33.5527507,-83.8513597,05000US13217,109835,13217,0.00015488295058209973
Faulk County,2542625555,62622903,45.0654764,-99.1535637,05000US46049,2315,46049,9.104761790219638e-07
Houghton County,2613558396,1275354760,46.998427,-88.6519034,05000US26061,35890,26061,1.373223573459424e-05
Mineral County,3158799812,9897218,47.1296868,-115.0853849,05000US30061,4330,30061,1.3707737931193723e-06
Franklin County,1436141673,55046635,35.1559259,-86.0992032,05000US47051,41999,47051,2.924432929535915e-05
Concordia Parish,1805360346,130322878,31.4698053,-91.626315,05000US22029,19533,22029,1.0819446679039886e-05
Livingston Parish,1678641293,112186821,30.4404194,-90.7274738,05000US22063,140524,22063,8.371294128530651e-05
Essex County,1275623186,870158604,42.6427082,-70.8649085,05000US25009,787038,25009,0.0006169831409759276
Butte County,5827498555,42750488,44.8962264,-103.5014361,05000US46019,10295,46019,1.7666242046798757e-06
Douglas County,2176225539,6795841,39.325414,-104.9259871,05000US08035,344280,08035,0.0001582005145285633
Richland County,1961343401,38007451,34.0290952,-80.8980371,05000US45079,414660,45079,0.00021141631791178622
Madison County,1170470206,2546731,40.166203,-85.7224543,05000US18095,129486,18095,0.00011062733535312218
Murray County,1078405801,22710695,34.4857664,-97.0715567,05000US40099,13972,40099,1.2956161759370951e-05
Brooke County,231015795,8732461,40.2726454,-80.578691,05000US54009,22162,54009,9.593283437610836e-05
Calhoun County,723253605,3703371,38.8441591,-81.1154775,05000US54013,7185,54013,9.93427471405414e-06
Bland County,926311267,2547191,37.1306124,-81.1258532,05000US51021,6334,51021,6.837874293069567e-06
Yellowstone County,6820650783,39944772,45.9369867,-108.2766564,05000US30111,160390,30111,2.351535140895367e-05
Lincoln County,1132065764,4053564,38.1717696,-82.0776231,05000US54043,20617,54043,1.821183950228531e-05
Lake County,3254452700,188748214,39.0948019,-122.7467569,05000US06033,64276,06033,1.975017181844431e-05
Grady County,1177051414,15026665,30.8759076,-84.2450803,05000US13131,24693,13131,2.0978692779515237e-05
Conejos County,3334423895,9235012,37.2134065,-106.1764473,05000US08021,8130,08021,2.4382022970117903e-06
San Juan County,20253174602,293818273,37.6026332,-109.7915742,05000US49037,15295,49037,7.551902504454595e-07
Putnam County,1244585887,5585892,39.6655479,-86.8533729,05000US18133,37419,18133,3.006542207400107e-05
Gooding County,1888935208,12470063,42.9731849,-114.8214203,05000US16047,15280,16047,8.089213401966511e-06
Tipton County,1180026939,32703276,35.4987625,-89.7471452,05000US47167,61562,47167,5.216999541736733e-05
West Baton Rouge Parish,498174685,29604699,30.4640516,-91.309808,05000US22121,26395,22121,5.298342287304302e-05
Putnam County,1339844722,5942463,40.4786055,-93.0145314,05000US29171,4746,29171,3.5422015119151994e-06
Teton County,10351790060,570859113,44.048662,-110.426087,05000US56039,23356,56039,2.256228136836848e-06
Grant County,2970402286,94521527,42.8700275,-90.6942288,05000US55043,51570,55043,1.7361284780535615e-05
Morton County,4988026151,49931487,46.7108188,-101.2982647,05000US38059,31118,38059,6.238539866869274e-06
Chowan County,447179939,157966156,36.128979,-76.6027521,05000US37041,13995,37041,3.1296126635949116e-05
Buncombe County,1700318978,8942802,35.6093706,-82.5304234,05000US37021,259576,37021,0.00015266311989608342
Plumas County,6612400772,156387638,39.9922953,-120.8243709,05000US06063,18844,06063,2.8497970177177277e-06
Petersburg city,58845730,577678,37.2047302,-77.3923681,05000US51730,30791,51730,0.0005232495203985065
Washington County,1778229393,21169489,44.2749694,-72.6094444,05000US50023,58336,50023,3.280566625972986e-05
Meade County,8989677128,30742173,44.6052822,-102.7141689,05000US46093,28149,46093,3.1312581752602407e-06
Marion County,1027221229,16566444,39.7829759,-86.1357939,05000US18097,957337,18097,0.0009319676939815269
Chicot County,1649764677,140413175,33.2671393,-91.2971578,05000US05017,10433,05017,6.3239322222438395e-06
Bibb County,645898113,14305197,32.8088446,-83.6941941,05000US13021,153026,13021,0.00023691971987538536
Guayanilla Municipio,109480383,56911386,18.0053378,-66.7982933,05000US72059,18080,72059,0.00016514374086542974
San Sebastián Municipio,182394907,2060665,18.3310643,-66.969064,05000US72131,36292,72131,0.00019897485405116053
Pope County,2100810775,51385065,35.456557,-93.0268181,05000US05115,63926,05115,3.042920417237483e-05
Southampton County,1551909772,8090234,36.7200678,-77.1038135,05000US51175,17829,51175,1.1488425629940553e-05
Gregg County,708052150,6206460,32.4864014,-94.8162768,05000US48183,123633,48183,0.00017461001989754567
Rockland County,449217749,66844037,41.1546276,-74.0246616,05000US36087,325213,36087,0.0007239540305875136
Marion County,1545325347,112951240,36.2666636,-92.6785765,05000US05089,16586,05089,1.0733014916372818e-05
Suffolk city,1033819022,77045664,36.6971573,-76.6347808,05000US51800,91383,51800,8.839361440962149e-05
El Paso County,5507391789,7070359,38.8273831,-104.5274718,05000US08041,710499,08041,0.00012900825421919152
St. Francois County,1170380017,7218075,37.8107068,-90.4738684,05000US29187,66653,29187,5.694987869909949e-05
Ward County,2164201061,624206,31.5130687,-103.1051127,05000US48475,11745,48475,5.426944941323084e-06
Kiowa County,4578603586,47032918,38.387663,-102.7568494,05000US08061,1463,08061,3.1952973707385725e-07
Wilbarger County,2514738098,18202665,34.0849199,-99.2424397,05000US48487,12717,48487,5.056987847010381e-06
Curry County,4217489863,934614482,42.4664387,-124.2109292,05000US41015,22889,41015,5.427161829315819e-06
Teller County,1442817270,4960197,38.8699759,-105.1873651,05000US08119,24981,08119,1.731404282400917e-05
Clinton County,1085049760,11764909,39.6087233,-94.3958028,05000US29049,20503,29049,1.889590759413651e-05
Wasatch County,3048452823,79128329,40.3348838,-111.1615683,05000US49051,33053,49051,1.0842549292749871e-05
Caribou County,4569240776,89216879,42.7860724,-111.5442734,05000US16029,7028,16029,1.5381111095993598e-06
Rockingham County,1465005024,18436435,36.3818062,-79.7827539,05000US37157,91051,37157,6.215064010592771e-05
Prairie County,1677069898,72638193,34.8311162,-91.5536205,05000US05117,8138,05117,4.852510923787388e-06
Bradley County,1681335016,9505606,33.4665491,-92.1691559,05000US05011,10805,05011,6.426440832538992e-06
Hamilton County,2165008742,1238628,31.7073424,-98.1117562,05000US48193,8434,48193,3.895596279305925e-06
Caroline County,827350254,16777066,38.8715306,-75.831662,05000US24011,33260,24011,4.0200628257739074e-05
Douglas County,1649659329,215526674,45.9368351,-95.462155,05000US27041,37820,27041,2.2925945578670443e-05
Jefferson County,4291603025,6256292,46.1242317,-112.0594284,05000US30043,12069,30043,2.812235877758055e-06
Fairfax County,1012739503,40071739,38.8295203,-77.2732524,05000US51059,1149439,51059,0.001134979919905425
Deer Lodge County,1907998860,12199890,46.0946716,-113.1416236,05000US30023,9153,30023,4.797172677556002e-06
Anderson County,873352611,19665031,36.1167307,-84.1954177,05000US47001,76513,47001,8.760837150574455e-05
Huron County,1274903645,8628942,41.1450798,-82.594641,05000US39077,58271,39077,4.570619923202118e-05
Bacon County,735770219,4506310,31.5502095,-82.4514325,05000US13005,11140,13005,1.5140596496472222e-05
Kent County,1517891095,549776917,39.0970884,-75.5029819,05000US10001,179124,10001,0.00011800846621344728
Wood County,1598441996,8718771,41.3601834,-83.6226821,05000US39173,130662,39173,8.174334778926818e-05
Jackson County,879711015,8858787,34.1309052,-83.5625568,05000US13157,70467,13157,8.010244136820318e-05
Anderson County,1501263686,10599981,38.2151139,-95.2920464,05000US20003,7877,20003,5.246913032971345e-06
Knox County,1855427713,8837382,40.9309446,-90.2137921,05000US17095,50052,17095,2.69759903063386e-05
Wheatland County,3684208396,13010928,46.4969673,-109.8576843,05000US30107,2138,30107,5.803146212687801e-07
Cannon County,687992379,156144,35.808394,-86.0624044,05000US47015,14374,47015,2.0892673289335955e-05
Franklin County,4395220895,121290428,44.9767238,-70.4149354,05000US23007,29933,23007,6.8103516785815604e-06
Menifee County,527283209,6084693,37.9354855,-83.589355,05000US21165,6463,21165,1.2257170131127768e-05
McPherson County,2943956443,38506560,45.7842491,-99.2114212,05000US46089,2316,46089,7.866964219212126e-07
Gunnison County,8389334153,53070998,38.6704993,-107.0568798,05000US08051,17119,08051,2.0405671877878767e-06
Charlevoix County,1078288793,2522931117,45.6185538,-85.5436841,05000US26029,26197,26029,2.4294975678190138e-05
Swift County,1921733671,26235363,45.2758101,-95.6901243,05000US27151,9329,27151,4.8544708045551024e-06
Seneca County,1427151728,4576816,41.1199923,-83.1275469,05000US39147,55251,39147,3.8714173774240774e-05
Tattnall County,1245369512,19447412,32.0437683,-82.0592081,05000US13267,25392,13267,2.0389129294824105e-05
Stephens County,2322497231,64147705,32.7380521,-98.8393443,05000US48429,9358,48429,4.029283598314869e-06
Martin County,1182102539,746610,35.8473006,-77.1196022,05000US37117,22644,37117,1.9155698641131165e-05
Ravalli County,6192656569,24207622,46.0777441,-114.105795,05000US30081,43424,30081,7.012176360203385e-06
Wilkes County,1216001422,11896927,33.7790312,-82.7479211,05000US13317,9797,13317,8.056733999444287e-06
Lincoln County,5984421204,75265950,47.5827433,-118.4176925,05000US53043,10732,53043,1.7933229687821286e-06
San Mateo County,1161922036,757123906,37.4146725,-122.3715457,05000US06081,765623,06081,0.0006589280315534011
Williams County,1089503875,6299797,41.5649587,-84.5843235,05000US39171,36760,39171,3.3740127817351727e-05
Baca County,6617400567,6142192,37.3097802,-102.5437412,05000US08009,3570,08009,5.394867612825288e-07
Boundary County,3285862966,24278846,48.7731313,-116.5246676,05000US16021,12156,16021,3.6994847702970218e-06
Bear Lake County,2527123155,191364281,42.2858922,-111.3275168,05000US16007,6054,16007,2.395609405905665e-06
Union County,1118250640,13288444,40.2959008,-83.3670416,05000US39159,57871,39159,5.175136765403506e-05
Cuyahoga County,1184169986,2041734546,41.555037,-81.6049566,05000US39035,1241475,39035,0.0010483925573840714
Lavaca County,2511535248,1882216,29.3825778,-96.9236334,05000US48285,20072,48285,7.991924467707092e-06
Nowata County,1465460408,38903890,36.7896148,-95.6133123,05000US40105,10243,40105,6.9896122365934295e-06
Glascock County,372299245,1832723,33.2274908,-82.6069126,05000US13125,2984,13125,8.015057887103692e-06
Umatilla County,8327972955,41622675,45.5911997,-118.7338795,05000US41059,77319,41059,9.284252052425163e-06
Oglala Lakota County,5422402204,7126155,43.333393,-102.5614857,05000US46102,14277,46102,2.632965881702419e-06
Marshall County,2331441861,12734901,39.7827091,-96.5212426,05000US20117,9713,20117,4.1660914485913486e-06
Madison Parish,1616604801,68460376,32.3468782,-91.2319321,05000US22065,11137,22065,6.889129608616076e-06
Valley County,12758577238,351384872,48.3498496,-106.6704238,05000US30105,7424,30105,5.818830627829288e-07
Whitfield County,752248663,1579031,34.8017261,-84.968541,05000US13313,104122,13313,0.00013841433706875196
Wichita County,1861078197,61987,38.4819222,-101.3474341,05000US20203,2112,20203,1.1348260397679572e-06
Charles Mix County,2842481168,136616766,43.2061853,-98.5951429,05000US46023,9324,46023,3.28023281384146e-06
Cedar County,1917222689,14511196,42.6045604,-97.2568696,05000US31027,8483,31027,4.424629464626579e-06
Kitsap County,1023308791,442187072,47.6395948,-122.6496339,05000US53035,268945,53035,0.0002628190067019565
McHenry County,1562786332,19872662,42.3242982,-88.452245,05000US17111,307291,17111,0.0001966302070269194
Petroleum County,4288047861,48927318,47.1419168,-108.2265753,05000US30069,464,30069,1.0820774745079274e-07
Carroll County,1799061890,17533392,39.4273754,-93.5002266,05000US29033,8723,29033,4.848638086597455e-06
Whitman County,5592463291,48246698,46.9059441,-117.5353898,05000US53075,49577,53075,8.864966548780874e-06
Steele County,1112775703,6976791,44.0152607,-93.2204527,05000US27147,36710,27147,3.298957723558419e-05
Thayer County,1486153254,3025339,40.1738446,-97.5962626,05000US31169,5000,31169,3.364390574486472e-06
Crockett County,687714870,545783,35.8187949,-89.1324936,05000US47033,14310,47033,2.080804214688567e-05
Hamilton County,1493720721,1956182,42.3907886,-93.7091296,05000US19079,14905,19079,9.978438265234456e-06
Warren County,1039691291,15679747,39.4256625,-84.1699402,05000US39165,232540,39165,0.0002236625448466895
Spalding County,507561198,9375991,33.2623481,-84.2849046,05000US13255,66043,13255,0.00013011829954739763
Hunterdon County,1108086284,24761598,40.5652832,-74.9119695,05000US34019,125063,34019,0.00011286395455464368
Vernon County,2140343861,27020859,37.8501957,-94.3415972,05000US29217,20560,29217,9.605933128144217e-06
Parke County,1151822275,13655204,39.7742496,-87.1969502,05000US18121,16912,18121,1.4682820750275905e-05
Franklin County,1507291799,1438346,42.7365451,-93.2714152,05000US19069,10091,19069,6.69478863130204e-06
Butts County,475754793,11269640,33.2903551,-83.9582206,05000US13035,24463,13035,5.1419345343305876e-05
Elbert County,4793643992,442147,39.3151572,-104.1140759,05000US08039,26230,08039,5.471828955962235e-06
Bristol County,62500772,53359134,41.7068397,-71.2866874,05000US44001,48645,44001,0.0007783103863101083
Bosque County,2545908129,50666116,31.9008189,-97.6376407,05000US48035,18428,48035,7.238281613578209e-06
Newport County,265293780,547001789,41.5010449,-71.2830626,05000US44005,82731,44005,0.00031184673835926344
Fairfield County,1306299961,10869534,39.747694,-82.626685,05000US39045,156204,39045,0.00011957743601279951
Pierce County,2637345167,166227817,48.2388827,-99.966497,05000US38069,4061,38069,1.5398060332843797e-06
Carroll County,1153597401,55881822,42.0709,-89.9241894,05000US17015,14398,17015,1.248095738384903e-05
Red Lake County,1119929346,227815,47.8654866,-96.08718,05000US27125,4005,27125,3.576118452743893e-06
Jefferson County,4614583047,26212115,44.6451505,-121.1786315,05000US41031,24048,41031,5.211305063766035e-06
Cheatham County,783480108,11821692,36.2551687,-87.1008077,05000US47021,40539,47021,5.174221985480198e-05
Union County,1193354523,16502827,42.8311064,-96.6508287,05000US46127,15659,46127,1.3121834038584358e-05
Elmore County,1601945705,99781059,32.597229,-86.1427347,05000US01051,81526,01051,5.0891862155840045e-05
Lumpkin County,732820607,3275562,34.5681403,-83.9989251,05000US13187,33009,13187,4.504376607957478e-05
Knox County,1361036418,10721050,40.4036198,-82.4223929,05000US39083,61776,39083,4.538893976898714e-05
Bremer County,1127885578,10166468,42.7808946,-92.3273559,05000US19017,25032,19017,2.2193740649106874e-05
Goliad County,2206698612,19050015,28.6607,-97.4304145,05000US48175,7578,48175,3.4340892584020896e-06
Henderson County,965934305,5531390,35.3364146,-82.4797406,05000US37089,116298,37089,0.00012039949238576841
Indian River County,1302272805,295509938,27.7005283,-80.5747894,05000US12061,156964,12061,0.0001205308130503424
Roberts County,2393298442,346846,35.838596,-100.8366824,05000US48393,784,48393,3.2758137733329957e-07
Deuel County,1139208344,2229828,41.1119026,-102.332609,05000US31049,1770,31049,1.5537105300555979e-06
Livingston County,1636254771,22005356,42.7290418,-77.778463,05000US36051,63218,36051,3.86357926164299e-05
O'Brien County,1484153957,447448,43.0837455,-95.6256244,05000US19141,13796,19141,9.295531595580957e-06
Callahan County,2329363242,4898783,32.2931499,-99.372249,05000US48059,13959,48059,5.992624829099111e-06
Rains County,594281632,76078926,32.8704571,-95.795613,05000US48379,12001,48379,2.0194129102748376e-05
Grant County,1488745962,871232,37.547537,-101.2993622,05000US20067,7324,20067,4.9195767356848756e-06
Lee County,1127622846,4896591,36.7017206,-83.1301117,05000US51105,23723,51105,2.103806257930322e-05
Sierra County,10829279105,147645503,33.1194684,-107.1881612,05000US35051,10988,35051,1.0146566445892707e-06
Drew County,2146225294,18789749,33.5872418,-91.7227781,05000US05043,18263,05043,8.50935829106858e-06
Morrill County,3688187959,15647101,41.7322039,-102.9905936,05000US31123,4711,31123,1.2773210184432469e-06
Benton County,1823437752,125605711,38.3010358,-93.2879421,05000US29015,19305,29015,1.058714506641409e-05
Pike County,1554860546,35285663,34.1581907,-93.6586589,05000US05109,10714,05109,6.890650114933201e-06
Mesa County,8621348079,31991710,39.019524,-108.4605707,05000US08077,152962,08077,1.7742236898262695e-05
Dent County,1949641173,4518782,37.6030721,-91.4897172,05000US29065,15518,29065,7.95941336021426e-06
Tazewell County,1343663017,2920222,37.1253949,-81.5629237,05000US51185,41201,51185,3.066319417794916e-05
Pike County,1411272636,56780870,41.3259485,-75.0315143,05000US42103,55660,42103,3.94395799792153e-05
Susquehanna County,2132849539,22384976,41.8196651,-75.8009686,05000US42115,40604,42115,1.903744228438985e-05
Morris County,652649023,17382447,33.116466,-94.7312653,05000US48343,12357,48343,1.8933606830818776e-05
Washington County,2219644652,9945723,40.2000054,-80.2521319,05000US42125,207081,42125,9.329466309546922e-05
Addison County,1984209520,107311666,44.0312479,-73.1415807,05000US50001,36947,50001,1.8620513422393014e-05
Leavenworth County,1200218357,14338600,39.1895108,-95.038977,05000US20103,81499,20103,6.790347733366655e-05
Muskegon County,1305130154,2476314283,43.4287388,-86.4209083,05000US26121,173679,26121,0.00013307408419589698
Copper River Census Area,63952335592,1217429937,62.034479,-143.9221674,05000US02066,2894,02066,4.525245205215022e-08
Chugach Census Area,24682168359,14538928722,60.4884737,-146.2030924,05000US02063,6495,02063,2.631454378533842e-07
Hinds County,2252888818,19259026,32.2677879,-90.4660171,05000US28049,235604,28049,0.00010457861840210883
Lampasas County,1845440041,2749903,31.1967308,-98.2408885,05000US48281,21152,48281,1.1461764961238316e-05
Loudoun County,1335755878,14493733,39.0812,-77.6388976,05000US51107,405312,51107,0.000303432690565334
St. Clair County,1748193269,70137865,38.0422304,-93.7765602,05000US29185,9455,29185,5.408440913062456e-06
Delaware County,3736306657,64163829,42.1939865,-74.9667281,05000US36025,44676,36025,1.1957262639644195e-05
Phillips County,13313630162,185493134,48.2501432,-107.9288973,05000US30071,4032,30071,3.028475292567617e-07
Mercer County,1175427717,3302140,40.4214135,-93.5676313,05000US29129,3623,29129,3.0822822599817936e-06
Mason County,2485218918,236969801,47.3508322,-123.1731033,05000US53045,65326,53045,2.6285813103568206e-05
Nash County,1399742831,6174819,35.9659447,-77.9875546,05000US37127,94287,37127,6.736023068797556e-05
York County,271190280,285635878,37.2209139,-76.395533,05000US51199,68389,51199,0.00025218086724937194
Pettis County,1766966004,10488658,38.7273667,-93.2852073,05000US29159,42421,29159,2.400781899819732e-05
Missoula County,6715861233,64586034,47.0272632,-113.8926911,05000US30063,119062,30063,1.772847827989063e-05
Chautauqua County,1654694134,15243776,37.1542592,-96.2453962,05000US20019,3280,20019,1.982239455983954e-06
Upshur County,1509910834,24878112,32.7353495,-94.9411837,05000US48459,41386,48459,2.7409565563790107e-05
Culpeper County,982089165,9005141,38.4859303,-77.9564758,05000US51047,51935,51047,5.288216370862823e-05
Haskell County,1493711222,126247870,35.2324314,-95.1096421,05000US40061,12688,40061,8.494279090312679e-06
Ohio County,274098976,8274294,40.100323,-80.6199004,05000US54069,41875,54069,0.00015277328142955193
Morgan County,593295507,1401571,39.5573454,-78.2565175,05000US54065,17800,54065,3.0001912689353974e-05
Rockingham County,2200944584,10646757,38.5075848,-78.8853213,05000US51165,81138,51165,3.6865080833857105e-05
Whitley County,869117984,6076514,41.1364261,-85.5018918,05000US18183,33899,18183,3.9003910428805485e-05
Siskiyou County,16261933231,179149816,41.5879861,-122.5332868,05000US06093,43516,06093,2.675942606691176e-06
Day County,2663773676,162143251,45.355161,-97.5814295,05000US46037,5452,46037,2.046720428661523e-06
Orleans Parish,438975285,467122070,30.0534195,-89.9345018,05000US22071,391249,22071,0.0008912779679612259
Jefferson County,2878852142,32681784,33.5534439,-86.8965359,05000US01073,658615,01073,0.00022877694564141322
Walker County,2048757700,36683003,33.7915581,-87.3010936,05000US01127,63802,01127,3.114179875931644e-05
DeKalb County,1091312448,11560688,39.8946645,-94.4071901,05000US29063,11872,29063,1.087864435318894e-05
Gadsden County,1337405283,31475262,30.5786866,-84.6126072,05000US12039,45787,12039,3.423569547840645e-05
Dade County,450584680,488463,34.8524237,-85.5062006,05000US13083,16183,13083,3.591555753737566e-05
DeSoto County,1233730200,50234809,34.8749217,-89.9912114,05000US28033,182256,28033,0.0001477275987894274
Warren County,555804005,8578483,38.9082214,-78.207594,05000US51187,39888,51187,7.17663054623005e-05
Edwards County,576012470,781202,38.4170954,-88.0479408,05000US17047,6431,17047,1.1164688847795257e-05
Madison County,1443073934,3757608,35.6060563,-88.8334238,05000US47113,97838,47113,6.779832806542814e-05
Randolph County,1503618358,9283013,33.2964614,-85.4640637,05000US01111,22732,01111,1.5118197964965257e-05
Ashe County,1104018852,8062960,36.4434687,-81.4993343,05000US37009,27009,37009,2.4464256159277975e-05
Dolores County,2763958508,2716141,37.7338227,-108.5062192,05000US08033,1896,08033,6.859726709037848e-07
Licking County,1767478856,12761090,40.0915047,-82.4834352,05000US39089,175409,39089,9.924248847704462e-05
Manassas city,25493247,146287,38.7468077,-77.4826328,05000US51683,41038,51683,0.0016097596355615273
Union County,2691171273,42102269,33.1682186,-92.5981447,05000US05139,39089,05139,1.4524902369526742e-05
Henderson County,981068795,42565932,40.814471,-90.9412464,05000US17071,6737,17071,6.8670005960183456e-06
Montgomery County,2034045843,37716728,32.2028812,-86.2044615,05000US01101,226451,01101,0.00011133033248946297
Arapahoe County,2066446984,19801967,39.6445537,-104.3317065,05000US08005,649980,08005,0.0003145398865940613
Marion County,888485847,9869686,37.552604,-85.2689592,05000US21155,19257,21155,2.1673952449576836e-05
Skagit County,4481316828,483781973,48.4932917,-121.8157703,05000US53057,127442,53057,2.843851592989845e-05
Jones County,1799639020,12681687,31.6166011,-89.1685317,05000US28067,68307,28067,3.795594518727428e-05
Columbia County,1982756253,78834956,43.4718818,-89.3304721,05000US55021,57331,55021,2.891479974568513e-05
Brunswick County,2201703879,516599618,34.0387542,-78.2277653,05000US37019,137303,37019,6.236215565117783e-05
Clearwater County,2586947405,80206137,47.5758729,-95.371117,05000US27029,8872,27029,3.429524691090502e-06
Northampton County,548331037,1511369146,37.3027754,-75.9240177,05000US51131,11826,51131,2.156726357257067e-05
Rooks County,2306454194,11962259,39.3460064,-99.3244921,05000US20163,4985,20163,2.1613262526383387e-06
Fayette County,556901577,366408,39.6396552,-85.1850315,05000US18041,23068,18041,4.1422041079980635e-05
Hall County,1415143418,14903733,40.8660265,-98.5026645,05000US31079,61338,31079,4.3344016740499724e-05
Hamilton County,1404057517,6811577,40.8728173,-98.0223294,05000US31081,9219,31081,6.565970331256736e-06
Loup County,1459513675,19565477,41.9031834,-99.5098521,05000US31115,690,31115,4.7276021583011203e-07
Sheridan County,4343256743,75111952,48.7055228,-104.5339129,05000US30091,3389,30091,7.802900451284697e-07
Frontier County,2524283363,14110080,40.5309469,-100.4066834,05000US31063,2636,31063,1.0442567734817338e-06
Luquillo Municipio,66851396,53659425,18.3679961,-65.7099036,05000US72089,17924,72089,0.0002681170637035014
Bibb County,1612188717,9572303,33.0158929,-87.1271475,05000US01007,22374,01007,1.387802790335494e-05
Lauderdale County,1822508248,29730521,32.4039981,-88.6604487,05000US28075,75557,28075,4.145769989404185e-05
Big Stone County,1292831731,74957179,45.4199252,-96.4022263,05000US27011,4974,27011,3.847368439938144e-06
Blue Earth County,1936920254,45966342,44.0337104,-94.0640122,05000US27013,67368,27013,3.4780987942521664e-05
Highland County,1075266904,1791758,38.3662431,-79.5644718,05000US51091,2202,51091,2.047863643722824e-06
Spotsylvania County,1039652446,33417517,38.1824314,-77.6572264,05000US51177,134683,51177,0.00012954617720391533
Strafford County,951743430,39154073,43.2932725,-71.0355891,05000US33017,130161,33017,0.00013676059733871765
Houston County,973954137,9990192,32.4582875,-83.6625217,05000US13153,155317,13153,0.0001594705480469662
Delta County,3033137846,2124389420,45.8052288,-86.9019375,05000US26041,35874,26041,1.1827355636773786e-05
Sebastian County,1375754631,33853972,35.1969808,-94.2749889,05000US05131,127670,05131,9.279997837056163e-05
Santa Cruz County,1152823584,419714230,37.0123466,-122.0077889,05000US06087,273170,06087,0.00023695733136562896
McIntosh County,1117201986,369164686,31.485629,-81.3721413,05000US13191,14217,13191,1.2725541288108666e-05
Monroe County,1025872448,5643846,33.0174037,-83.9228373,05000US13207,27455,13207,2.6762586375650474e-05
Dunklin County,1403538813,13708531,36.1530246,-90.0622538,05000US29069,29657,29069,2.1130160224503887e-05
Wheeler County,2368629232,2455912,35.3925926,-100.2531067,05000US48483,5187,48483,2.189874181203215e-06
Forsyth County,581757645,58447999,34.225143,-84.1274075,05000US13117,236605,13117,0.00040670716067684853
San Patricio County,1795990941,37577389,28.0117944,-97.5171566,05000US48409,66969,48409,3.728804999579338e-05
Walthall County,1046169275,1236552,31.164492,-90.1034306,05000US28147,14423,28147,1.3786487851117593e-05
Monroe County,1677352687,58366943,39.4982695,-92.0064582,05000US29137,8630,29137,5.145012177155799e-06
Isabella County,1483282659,12948097,43.6452331,-84.8394245,05000US26073,70363,26073,4.743735091424675e-05
Moore County,2330207191,25699789,35.8356759,-101.8905018,05000US48341,21169,48341,9.08459989384695e-06
Calhoun County,987179024,29351080,33.6747804,-80.7803468,05000US45017,14608,45017,1.4797721228728215e-05
Sublette County,12655929030,127353627,42.7679284,-109.9161701,05000US56035,9865,56035,7.794765581108825e-07
Fleming County,902727568,7182389,38.3678475,-83.6992045,05000US21069,14519,21069,1.608347912999595e-05
Clark County,3133102168,23238832,44.7393462,-90.6099532,05000US55019,34668,55019,1.1065071657758976e-05
York County,1763868718,39013276,34.9701875,-81.1831873,05000US45091,273887,45091,0.00015527629534161283
Adams County,877815496,2693924,40.7457327,-84.9361303,05000US18001,35544,18001,4.049142463531995e-05
Ascension Parish,751016878,32969822,30.2064437,-90.9125023,05000US22005,125061,22005,0.00016652222295329027
Union County,818313044,4622034,40.962179,-77.0554751,05000US42119,44831,42119,5.47846576914641e-05
Chesterfield County,1096874571,34967238,37.3784338,-77.5858474,05000US51041,348500,51041,0.00031772092198498056
Acadia Parish,1697073813,5934788,30.291497,-92.4110366,05000US22001,62371,22001,3.6752084395046876e-05
Crawford County,2621988043,65389924,41.687876,-80.107795,05000US42039,85074,42039,3.2446372220165e-05
Tripp County,4176247413,13272783,43.3497292,-99.8762186,05000US46123,5448,46123,1.3045204130007323e-06
Guthrie County,1529656705,6355531,41.6835728,-94.5012723,05000US19077,10702,19077,6.9963410515694765e-06
Washington County,1473258536,5339036,41.3294012,-91.7250523,05000US19183,22100,19183,1.5000761549974144e-05
Sanborn County,1474329184,3132216,44.0189419,-98.0917093,05000US46111,2372,46111,1.6088672907935872e-06
Grady County,2850386659,11374380,35.0210581,-97.8868902,05000US40051,55315,40051,1.9406139102337132e-05
Kanawha County,2335256702,24015465,38.3280675,-81.5235156,05000US54039,181014,54039,7.751353409883073e-05
St. Croix County,1870380099,33740130,45.0289589,-92.4472842,05000US55109,89702,55109,4.795923569116205e-05
Venango County,1746337768,22149577,41.4007143,-79.7658126,05000US42121,51355,42121,2.9407254965810256e-05
Summit County,1069129523,19007561,41.1218471,-81.5349279,05000US39153,540810,39153,0.0005058414236681779
Glynn County,1086851231,429107116,31.2127098,-81.4964503,05000US13127,85008,13127,7.821493648379555e-05
Webb County,8706187279,36554555,27.7607987,-99.3407518,05000US48479,274847,48479,3.156915779458964e-05
Montgomery County,1273075626,25886753,35.3275482,-79.9107517,05000US37123,27223,37123,2.138364716441441e-05
Aroostook County,17278035042,404869424,46.7091929,-68.6124095,05000US23003,67431,23003,3.902700731656497e-06
Jefferson Davis County,1057871277,1791496,31.5648075,-89.8270863,05000US28065,11182,28065,1.0570284157549728e-05
Washington County,1330443086,7530005,38.6006126,-86.1047512,05000US18175,27942,18175,2.1002025786768604e-05
Blanco County,1836953736,10813161,30.2664556,-98.399217,05000US48031,11733,48031,6.387204952449602e-06
Brunswick County,1466538251,8383474,36.7642043,-77.8614832,05000US51025,16336,51025,1.113915711974157e-05
Dyer County,1326982067,35839863,36.054196,-89.3983058,05000US47045,37201,47045,2.8034289931364988e-05
Gibson County,1561102696,2345193,35.9916316,-88.9338117,05000US47053,49193,47053,3.151170011175229e-05
Prince George County,687232241,42745198,37.1873255,-77.2209931,05000US51149,38292,51149,5.571915535319013e-05
Lawrence County,1521690357,12395693,36.0410983,-91.1011529,05000US05075,16511,05075,1.085043348276932e-05
Eddy County,1632310789,36012936,47.7234355,-98.9004745,05000US38027,2262,38027,1.3857655142901833e-06
Pierce County,4320003388,356117597,47.0514128,-122.1532402,05000US53053,891862,53053,0.00020644937512720302
Lincoln County,3111517506,11588561,42.9907824,-114.1530888,05000US16063,5342,16063,1.716847162099817e-06
Lancaster County,2444751632,103368819,40.0419921,-76.250198,05000US42071,543050,42071,0.00022212890376751367
Juneau County,1986729542,98638538,43.9328362,-90.1139837,05000US55057,26603,55057,1.339034802553915e-05
Scott County,1378652173,2418741,36.435234,-84.50352,05000US47151,22020,47151,1.5972121490283974e-05
Corson County,6396478609,155287098,45.6856708,-101.1796647,05000US46031,4106,46031,6.419156931475951e-07
Gregory County,2628707453,99900775,43.1751423,-99.2065908,05000US46053,4193,46053,1.5950805005763415e-06
Vance County,653701481,42190675,36.3654806,-78.4054343,05000US37181,44614,37181,6.82482773815224e-05
Caldwell County,893002030,8697603,37.1486421,-87.8705095,05000US21033,12679,21033,1.4198176010865283e-05
Barnwell County,1420294945,23008122,33.2605516,-81.4342278,05000US45011,21170,45011,1.4905354746580471e-05
Decatur County,864739796,28502982,35.6031362,-88.1102917,05000US47039,11663,47039,1.3487294159409775e-05
Blackford County,427559406,1298757,40.4726717,-85.3237297,05000US18009,11926,18009,2.789319994517908e-05
Etowah County,1385916770,35022972,34.0476407,-86.0342629,05000US01055,102721,01055,7.411772642018034e-05
Camas County,2782253888,11548054,43.5025515,-114.7721349,05000US16025,1069,16025,3.8422086661848165e-07
Reno County,3251231984,43517492,37.9481849,-98.0783463,05000US20155,62421,20155,1.9199183665511087e-05
Maury County,1588022045,6318294,35.6156963,-87.0777632,05000US47119,94615,47119,5.958040714730758e-05
Goshen County,5764310950,16969725,42.0894553,-104.3535403,05000US56015,13301,56015,2.307474408541406e-06
Rusk County,2366092262,44813690,45.472734,-91.1367448,05000US55107,14074,55107,5.94820422940887e-06
Waukesha County,1423769478,79817825,43.0183677,-88.3042404,05000US55133,402637,55133,0.00028279648231088153
Garrard County,595979380,9931261,37.6301619,-84.5458557,05000US21079,17554,21079,2.945403916491205e-05
Norfolk County,1025912543,124957891,42.1717377,-71.1811102,05000US25021,703740,25021,0.0006859649049051542
Hendricks County,1053849394,4880796,39.7689632,-86.5099075,05000US18063,166806,18063,0.00015828257903804422
Jackson County,1511439594,48312243,37.7860959,-89.3812119,05000US17077,57517,17077,3.8054448373806465e-05
Georgetown County,2107246447,572958789,33.4175309,-79.2963325,05000US45043,62150,45043,2.94934653174907e-05
Hettinger County,2932485810,4008872,46.4357038,-102.454238,05000US38041,2510,38041,8.55929120420876e-07
Grand County,9512361692,31552278,38.9743261,-109.5734502,05000US49019,9698,49019,1.0195154803833967e-06
Tooele County,17979556898,891073714,40.4677525,-113.1239786,05000US49045,69740,49045,3.878849762296295e-06
Hampton city,133282615,219667964,37.0479606,-76.2972931,05000US51650,135169,51650,0.001014153271227459
Buffalo County,1750290818,87549529,44.3856333,-91.761294,05000US55011,13087,55011,7.477043166434528e-06
Frederick County,1070013828,5860365,39.2036601,-78.2638291,05000US51069,88054,51069,8.229239444931734e-05
Lewis County,1002143596,7036534,38.9888773,-80.4954773,05000US54041,16024,54041,1.5989724490540974e-05
Polk County,5104864821,69390824,47.7742536,-96.4000265,05000US27119,31384,27119,6.1478611286424114e-06
Redwood County,2275493325,8220826,44.4035357,-95.2542415,05000US27127,15193,27127,6.676793921159931e-06
Fayette County,1825359640,3774635,35.1969933,-89.4138027,05000US47047,40612,47047,2.2248766275998083e-05
St. Charles Parish,719347893,308635080,29.9057222,-90.3578553,05000US22089,52856,22089,7.347766013405144e-05
Poinsett County,1963975460,13892745,35.5688702,-90.6811037,05000US05111,23747,05111,1.2091291609112061e-05
Gulf County,1433437353,624436316,29.8592383,-85.2720125,05000US12045,15073,12045,1.05152833979484e-05
Hamblen County,417475125,37853343,36.2183967,-83.2660711,05000US47063,64479,47063,0.0001544499208186356
Chilton County,1794438835,20592116,32.8540514,-86.7266071,05000US01021,44147,01021,2.4602120250033488e-05
Newton County,2418212546,15672146,30.7867182,-93.73925,05000US48351,13788,48351,5.701732059411787e-06
Hockley County,2352723961,446119,33.605932,-102.3433978,05000US48219,22986,48219,9.769951928499953e-06
Baldwin County,670025212,24806035,33.0594897,-83.2554566,05000US13009,45072,13009,6.726911046445816e-05
Transylvania County,979943597,5091023,35.2101025,-82.816666,05000US37175,34039,37175,3.473567264912697e-05
Surry County,1379543658,10390865,36.415416,-80.6864631,05000US37171,71904,37171,5.212158352729711e-05
Coffee County,1758565928,3907189,31.402258,-85.9896022,05000US01031,52238,01031,2.9704885764169086e-05
Shelby County,1055922239,7802978,40.3366802,-84.2041425,05000US39149,48610,39149,4.6035586906508936e-05
Canyon County,1520451453,43117848,43.6257956,-116.709058,05000US16027,223890,16027,0.00014725231743390626
Daniels County,3694021963,1021697,48.794429,-105.5417385,05000US30019,1705,30019,4.6155654110278497e-07
Leon County,1731224399,86410055,30.4593104,-84.2778004,05000US12073,291863,12073,0.00016858761935690579
Payne County,1773885850,31991880,36.0792253,-96.9752553,05000US40119,81912,40119,4.617659022422441e-05
Covington County,2669165738,34194671,31.2439873,-86.4487206,05000US01039,37096,01039,1.389797548795001e-05
Lawrence County,1163282503,7207557,38.8398148,-86.4878198,05000US18093,45552,18093,3.9158157956064434e-05
Gray County,2250356174,1113338,37.7445134,-100.4517163,05000US20069,6020,20069,2.675132083335711e-06
Casey County,1150573335,3890643,37.3219623,-84.9282195,05000US21045,15968,21045,1.3878298335498971e-05
Metcalfe County,750166111,4012303,36.9924298,-85.6334564,05000US21169,10062,21169,1.3413029264394483e-05
Russell County,657060481,75583987,36.9905867,-85.0549503,05000US21207,17846,21207,2.716036120881846e-05
Beauregard Parish,2997852789,21944259,30.6450184,-93.3402526,05000US22011,37387,22011,1.2471259475176318e-05
Somerset County,10163811990,437942552,45.5036458,-69.9561096,05000US23025,50573,23025,4.975790584256961e-06
Cimarron County,4752131817,15923999,36.7483904,-102.5176984,05000US40025,2159,40025,4.5432241426395604e-07
Meade County,791093710,49111009,37.9674757,-86.2008628,05000US21163,28379,21163,3.5873120518174766e-05
Nelson County,1081379029,16973349,37.8031198,-85.4659312,05000US21179,45915,21179,4.2459673036622204e-05
Owen County,909365301,8129123,38.4993945,-84.8415902,05000US21187,10847,21187,1.1928099728538026e-05
Pemiscot County,1275841039,53915406,36.2099162,-89.7859419,05000US29155,16330,29155,1.2799400161010184e-05
Nance County,1143733233,17178940,41.4023855,-97.9914083,05000US31125,3525,31125,3.08201239440596e-06
Menominee County,926217566,19022479,44.9913041,-88.6692512,05000US55078,4566,55078,4.929727277489358e-06
Panola County,2101400900,25810623,32.1639784,-94.3051563,05000US48365,23186,48365,1.1033591924320581e-05
Bath County,722081417,13486211,38.1522485,-83.7376405,05000US21011,12421,21011,1.7201661346728717e-05
Anderson County,2752164828,39845046,31.8412614,-95.6617267,05000US48001,57917,48001,2.1044161094845587e-05
Caroline County,1365863858,24927342,38.0280328,-77.3537363,05000US51033,30581,51033,2.2389493521542466e-05
Sioux County,1988888495,2795018,43.082646,-96.1780098,05000US19167,34900,19167,1.7547489508706722e-05
Glenn County,3403160301,33693344,39.6025462,-122.4016998,05000US06021,28060,06021,8.245277188898426e-06
St. Louis city,159895650,11563208,38.6356988,-90.2445816,05000US29510,304709,29510,0.0019056741068315492
Fannin County,1002597521,13473582,34.8665427,-84.3173308,05000US13111,25797,13111,2.5730165355156507e-05
Grant County,1764937243,15765681,45.1726366,-96.7722606,05000US46051,7125,46051,4.0369707355084695e-06
Marshall County,2170620943,124689684,45.7370443,-97.5808695,05000US46091,4881,46091,2.248665302774608e-06
Thurston County,1871256793,133627810,46.9358216,-122.8301524,05000US53067,284698,53067,0.000152142667465523
Knox County,2870854403,81011709,42.6344045,-97.8913492,05000US31107,8400,31107,2.92595820645663e-06
Valencia County,2762854193,2760089,34.7168404,-106.8065821,05000US35061,76518,35061,2.769527258943556e-05
Prairie County,4497780202,15092932,46.8123837,-105.5039937,05000US30079,1162,30079,2.583496631256682e-07
Allamakee County,1655115638,51094064,43.2749637,-91.382751,05000US19005,13761,19005,8.314222694813303e-06
Cameron County,2309519001,996418659,26.1029227,-97.4789584,05000US48061,422135,48061,0.0001827804836492878
Montgomery County,2699237142,89879828,30.2988009,-95.50295,05000US48339,590188,48339,0.0002186499254980984
Las Animas County,12361852647,6929970,37.3188308,-104.0441103,05000US08071,14323,08071,1.1586451002937603e-06
Llano County,2419214536,82342037,30.7075845,-98.6846901,05000US48299,21452,48299,8.867340899608418e-06
Mason County,2405674102,8755301,30.7039159,-99.2373018,05000US48319,4248,48319,1.7658252198285503e-06
Clay County,556804503,15017755,35.0529971,-83.7522638,05000US37043,11150,37043,2.0024981730436904e-05
Orange County,2103893102,68032228,41.4024096,-74.3062522,05000US36071,382077,36071,0.00018160475911860278
Schenectady County,529862599,12594060,42.8175516,-74.0435592,05000US36093,155086,36093,0.00029269097364616973
Mingo County,1095926646,2177833,37.7211608,-82.1589891,05000US54059,23808,54059,2.172408170464358e-05
Wabaunsee County,2057320864,13845234,38.9551537,-96.2012619,05000US20197,6877,20197,3.3426968638373754e-06
Houston County,1429786046,43494665,43.6669899,-91.5015556,05000US27055,18670,27055,1.3057897754864506e-05
Nicholas County,505465963,4301985,38.338031,-84.0262231,05000US21181,7189,21181,1.4222520458810794e-05
Plymouth County,1705512311,1126103085,41.9871959,-70.7419417,05000US25023,518597,25023,0.00030407109737949
Bronx County,109224611,39362153,40.8487111,-73.852939,05000US36005,1427056,36005,0.013065333782694817
Dare County,992558307,3000513520,35.6062688,-75.7675364,05000US37055,36698,37055,3.697314277779754e-05
Medina County,1091571154,4196171,41.1161742,-81.8997641,05000US39103,179116,39103,0.00016409008184545704
Armstrong County,1692093647,27586728,40.8123805,-79.4641285,05000US42005,65356,42005,3.8624339802866714e-05
Atlantic County,1438774368,301270979,39.4693555,-74.6337591,05000US34001,264650,34001,0.00018394128077766812
Manitowoc County,1526295968,2343344181,44.156137,-87.5773525,05000US55071,78977,55071,5.1744223699606864e-05
Door County,1248277424,4890604607,45.0934165,-87.0486828,05000US55029,27621,55029,2.2127292754755452e-05
Columbus County,2429722353,43711694,34.2616017,-78.6393077,05000US37047,55659,37047,2.2907555643663292e-05
Gallia County,1208305870,12087309,38.8170456,-82.3017463,05000US39053,29995,39053,2.4824012482865783e-05
Taylor County,2371228265,9760311,32.2971255,-99.8904299,05000US48441,137521,48441,5.799568182863239e-05
Colonial Heights city,19475360,709877,37.2616846,-77.3968043,05000US51570,17283,51570,0.0008874290385389538
Coshocton County,1460721942,9128742,40.2967096,-81.9301092,05000US39031,36558,39031,2.502735048256022e-05
Perkins County,2287768800,2840176,40.8576462,-101.6274676,05000US31135,2889,31135,1.2628024300357623e-06
Hartley County,3786435508,3023183,35.8402444,-102.6100473,05000US48205,5588,48205,1.4757943158396982e-06
Grand County,4782255548,59907315,40.1130652,-106.1108366,05000US08049,15536,08049,3.248676245772218e-06
Jim Wells County,2240795377,8723372,27.7335157,-98.0908141,05000US48249,40796,48249,1.8206035418824413e-05
Winnebago County,1037261956,3182049,43.3781243,-93.7434883,05000US19189,10474,19189,1.0097738511871152e-05
San Luis Obispo County,8549172832,815618272,35.3881891,-120.4488974,05000US06079,282517,06079,3.3046121016822135e-05
Henry County,1454959642,16953809,31.5169779,-85.2399712,05000US01067,17123,01067,1.1768711313849625e-05
Wyandot County,1053812244,1783532,40.8397816,-83.313681,05000US39175,21907,39175,2.0788333144476163e-05
Zapata County,2585876042,154371160,26.9969806,-99.1826027,05000US48505,14243,48505,5.507997973864209e-06
Lee County,921731096,15310679,31.8184185,-84.1466814,05000US13177,29735,13177,3.225995100853145e-05
Boyd County,414054165,5569239,38.3600029,-82.6814057,05000US21019,47361,21019,0.00011438358553886301
Carver County,916911877,56672107,44.8213196,-93.8000913,05000US27019,103561,27019,0.00011294542321649958
Colfax County,1066160691,12611136,41.57496,-97.0889449,05000US31037,10681,31037,1.001818965017535e-05
Chesterfield County,2069364013,17265236,34.6370178,-80.1592269,05000US45025,45833,45025,2.2148350755145755e-05
Lewis County,730614739,1024940,35.5232441,-87.4969827,05000US47101,12131,47101,1.660382600083298e-05
Washington County,1875855599,6118186,45.5535419,-123.0976146,05000US41067,595761,41067,0.0003175942755495648
Virginia Beach city,633828628,654687365,36.7795254,-76.0291418,05000US51810,450882,51810,0.0007113626303417775
Madison County,9293281837,39849039,45.3252895,-111.9137914,05000US30057,8530,30057,9.178673529558641e-07
Lancaster County,345261477,254114185,37.7048433,-76.4126628,05000US51103,10686,51103,3.095045555864317e-05
Bates County,2167033438,38030738,38.2572171,-94.3392459,05000US29013,16282,29013,7.513497352872872e-06
Belknap County,1040779615,176541257,43.5191091,-71.4253661,05000US33001,61174,33001,5.8777092785392416e-05
Richmond County,495925426,64458631,37.9428936,-76.7305609,05000US51159,8951,51159,1.8049084662176608e-05
Skagway Municipality,1123881121,28784118,59.5603794,-135.3382787,05000US02230,1300,02230,1.1567059680149215e-06
Hoonah-Angoon Census Area,16978039504,7804886156,58.403336,-135.884909,05000US02105,2135,02105,1.2575067925227746e-07
Franklin County,3215718486,60508754,46.5375019,-118.9038912,05000US53021,93681,53021,2.91322142805258e-05
Ida County,1117614339,1391966,42.3918601,-95.5074206,05000US19093,6862,19093,6.139863958921522e-06
Sedgwick County,2582051713,31558986,37.681045,-97.4610535,05000US20173,515416,20173,0.000199614902135773
Travis County,2574584400,80222169,30.2395128,-97.6912697,05000US48453,1250884,48453,0.0004858586108111274
Hillsborough County,2646680847,803027226,27.8876095,-82.3744173,05000US12057,1451358,12057,0.0005483691022455946
Mercer County,581297767,11434809,40.2825026,-74.703724,05000US34021,368085,34021,0.000633212478863694
Butler County,1514867108,15326897,41.2260724,-97.1320395,05000US31023,7997,31023,5.2790109163819805e-06
Westmoreland County,2661762744,21294228,40.3110682,-79.4666879,05000US42129,350722,42129,0.00013176305844334862
Charlotte County,1764089884,689239393,26.9063964,-82.0036572,05000US12015,185926,12015,0.00010539485639950532
Cass County,1461422457,1787165,41.3338235,-94.9333023,05000US19029,12990,19029,8.888600238609855e-06
Mercer County,1197732211,28431995,40.5353325,-84.6320588,05000US39107,41034,39107,3.4259744893844223e-05
Johnson County,678484991,5623155,37.8477561,-82.8301215,05000US21115,22427,21115,3.3054526330708474e-05
Kent County,436584631,50690252,41.675118,-71.5802819,05000US44003,164122,44003,0.0003759225321882666
Windham County,2034346401,32919838,42.9953348,-72.721955,05000US50025,42628,50025,2.0954150177691395e-05
Orleans County,1798784030,71420937,44.8284417,-72.25163,05000US50019,26843,50019,1.4922858749196255e-05
Jackson County,1699600349,4666513,39.4111453,-95.794485,05000US20085,13249,20085,7.795362014249621e-06
Franklin Parish,1616925546,28050179,32.1390764,-91.6723711,05000US22041,20109,22041,1.243656521461131e-05
Webster County,1090793744,5364862,33.6120605,-89.2839612,05000US28155,9727,28155,8.91735954070525e-06
Franklin County,1810941373,65609400,42.5845038,-72.5917921,05000US25011,70529,25011,3.8946042677881875e-05
Cherry County,15436903515,127452902,42.571323,-101.0476532,05000US31031,5801,31031,3.7578779930594133e-07
Beaverhead County,14355492120,78345288,45.1338633,-112.8928694,05000US30001,9454,30001,6.585632816327303e-07
New Madrid County,1747940899,56236293,36.5942608,-89.6559485,05000US29143,17275,29143,9.883057264626656e-06
Hempstead County,1883438547,35737908,33.735953,-93.6643553,05000US05057,21695,05057,1.1518825519715775e-05
Camden County,1699124111,136304759,38.0265275,-92.7653271,05000US29029,45823,29029,2.696860088285805e-05
Mecklenburg County,1619544367,139655804,36.6872563,-78.3689592,05000US51117,30726,51117,1.8972002636096972e-05
Webster County,860132087,9211730,37.5194599,-87.6847902,05000US21233,13021,21233,1.5138372578815329e-05
Garfield County,2741521323,4075930,36.3781319,-97.7887411,05000US40047,61555,40047,2.2452862023572157e-05
Skamania County,4294936873,73283927,46.0247853,-121.9532319,05000US53059,11906,53059,2.7721012792636684e-06
Lenawee County,1941526154,30497573,41.8960225,-84.0743563,05000US26091,98310,26091,5.063542399233629e-05
Gilmer County,1103886631,12283371,34.6905055,-84.4546244,05000US13123,30986,13123,2.8069911465392136e-05
Roseau County,4329730563,16913419,48.7610683,-95.8215042,05000US27135,15259,27135,3.524237773684302e-06
Madison County,1850178949,71697237,32.6343703,-90.0341603,05000US28089,105482,28089,5.701178259379277e-05
Howard County,2333039143,8841781,32.3034298,-101.4387208,05000US48227,36213,48227,1.5521814157577553e-05
Wayne County,1310547891,15816947,38.1436416,-82.4226659,05000US54099,39952,54099,3.048495997312623e-05
